ID;Kezdés ideje;Befejezés idõpontja;Approximately how many over the board (OTB) tournament games have you played in the last 12 months?;Approximately how many online games of any time control have you played in the last 12 months?;What is your peak FIDE rating (highest of classical/rapid/blitz)?;What is your current FIDE rating in the same category as your peak (classical/rapid/blitz)?;What is your current online rating (for your most frequently played time control)? If you play on multiple platforms, write your highest rating.;ZKAPQ1;ZKAPQ2;ZKAPQ3;ZKAPQ4;ZKAPQ5;ZKAPQ6;ZKAPQ7;ZKAPQ8;ZKAPQ9;ZKAPQ10;ZKAPQ11;ZKAPQ12;ZKAPQ13;ZKAPQ14;ZKAPQ15;ZKAPQ16;ZKAPQ17;ZKAPQ18;ZKAPQ19;ZKAPQ20;ZKAPQ21;ZKAPQ22;ZKAPQ23;ZKAPQ24;ZKAPQ25;ZKAPQ26;ZKAPQ27;ZKAPQ28;ZKAPQ29;ZKAPQ30;ZKAPQ31;ZKAPQ32;ZKAPQ33;ZKAPQ34;ZKAPQ35;ZKAPQ36;ZKAPQ37;ZKAPQ38;ZKAPQ39;ZKAPQ40;ZKAPQ41;ZKAPQ42;ZKAPQ43;ZKAPQ44;ZKAPQ45;ZKAPQ46;ZKAPQ47;ZKAPQ48;ZKAPQ49;ZKAPQ50;ZKAPQ51;ZKAPQ52;ZKAPQ53;ZKAPQ54;ZKAPQ55;ZKAPQ56;ZKAPQ57;ZKAPQ58;ZKAPQ59;ZKAPQ60;ZKAPQ61;ZKAPQ62;ZKAPQ63;ZKAPQ64;ZKAPQ65;ZKAPQ66;ZKAPQ67;ZKAPQ68;ZKAPQ69;ZKAPQ70;ZKAPQ71;ZKAPQ72;ZKAPQ73;ZKAPQ74;ZKAPQ75;ZKAPQ76;ZKAPQ77;ZKAPQ78;ZKAPQ79;ZKAPQ80;ZKAPQ6ford;ZKAPQ9ford;ZKAPQ29ford;ZKAPQ47ford;ZKAPQ49ford;ZKAPQ60ford;ZKAPQ66ford;ZKAPQ69ford;ZKAPQ71ford;ZKAPQ79ford;ZKAPQ_AG;ZKAPQ_AC;ZKAPQ_EX;ZKAPQ_NE;ZKAPQ_SS;ZKAAG1;ZKAAG2;ZKAAG3;ZKAAG4;ZKAAC1;ZKAAC2;ZKAAC3;ZKAAC4;ZKAEX1;ZKAEX2;ZKAEX3;ZKAEX4;ZKANE1;ZKANE2;ZKANE3;ZKANE4;ZKASS1;ZKASS2;ZKASS3;ZKASS4;MMQossz;MMQref;MMQenero;MMQkapcsossz;MMQkapcsdiszk;MMQbiz;MQQerzdisz;DERS_ossz
2;6.25.24 16:13:07;6.25.24 16:46:00;1;2;2205;2149;2180;2;1;3;4;2;4;3;2;1;2;1;1;3;2;1;1;2;4;3;1;1;1;3;4;2;1;3;3;2;2;3;3;3;3;2;1;2;4;3;1;1;1;2;4;2;1;4;3;3;1;2;1;2;3;1;1;3;3;3;4;1;1;3;3;2;4;2;3;4;2;4;2;3;3;1;3;2;4;2;1;1;4;3;1;2;1;1;1;1;3;22;48;48;23;29;5;4;7;6;11;11;11;15;15;10;11;12;8;7;5;4;4;9;7;9;127;40;25;18;10;9;11;43
3;6.25.24 16:57:51;6.25.24 20:56:08;3;3;2475;2420;2525;1;3;2;3;1;3;3;3;2;2;1;1;2;2;2;2;3;3;2;2;1;1;3;3;2;1;3;3;3;2;2;1;1;3;3;1;3;3;2;2;2;2;2;3;1;1;2;2;2;1;2;3;2;2;2;2;2;3;3;3;1;1;2;2;3;3;3;3;2;3;4;3;3;3;3;1;3;2;2;3;2;3;2;3;3;2;2;3;1;3;23;39;42;32;38;5;6;6;6;9;11;8;11;11;11;10;10;7;8;10;9;7;12;8;11;113;35;21;19;14;13;11;30
4;2007.02.24 16:16;2007.02.24 16:56;1;1;1200;750;NA;1;1;1;3;1;4;3;4;2;2;1;3;2;1;1;1;1;2;4;1;1;1;1;3;1;1;3;4;4;1;1;1;1;2;2;1;2;4;3;1;1;3;1;3;1;1;1;3;3;1;2;2;1;1;2;1;2;2;3;4;1;4;2;4;2;4;2;4;4;1;4;2;2;2;1;3;2;3;1;2;1;3;1;4;2;1;1;1;1;4;19;37;40;20;36;4;4;5;6;5;15;6;11;13;7;6;14;5;5;6;5;9;12;8;7;116;27;27;17;11;14;6;20
5;2007.02.24 16:15;2007.02.24 16:56;1;3;NA;NA;1349;1;3;1;3;2;2;1;1;3;1;1;1;2;1;1;1;3;2;1;2;1;3;1;3;1;1;3;1;4;2;2;1;1;2;3;1;2;3;1;2;1;2;1;3;1;1;2;1;3;1;2;2;3;4;1;1;2;1;3;3;1;3;1;2;2;4;2;1;4;3;4;4;3;2;1;2;4;3;4;3;3;2;1;3;2;2;1;1;1;1;21;26;32;26;39;4;6;6;5;4;4;9;9;11;6;9;6;6;7;6;9;11;9;8;11;107;24;28;6;11;11;7;42
6;2007.02.24 16:30;2007.02.24 17:00;1;3;1750;1650;1780;3;2;2;3;3;3;3;4;3;3;3;2;2;3;2;3;2;3;3;1;1;1;2;3;3;3;2;3;3;2;3;2;2;4;1;3;2;3;2;2;2;1;2;2;2;2;1;3;3;2;3;3;3;2;2;1;3;3;3;3;2;2;2;3;3;1;2;3;3;1;2;2;3;3;2;3;2;2;3;2;2;2;2;4;2;2;4;2;3;2;41;42;41;31;35;8;11;12;10;8;13;10;11;11;8;12;10;11;8;7;7;6;11;9;9;109;31;24;20;12;15;13;51
7;2007.02.24 16:15;2007.02.24 17:13;1;1;NA;NA;NA;2;3;1;4;2;4;4;4;4;2;3;1;3;2;1;1;1;4;2;1;1;1;1;4;3;3;4;4;3;1;1;1;3;4;1;2;1;1;4;1;1;1;1;4;3;3;1;4;1;1;3;1;1;4;3;1;1;4;4;4;2;4;2;4;3;1;4;4;1;3;3;1;1;4;1;4;4;4;3;1;1;1;2;4;4;1;4;4;2;2;34;42;53;27;36;6;11;9;8;5;16;8;13;16;11;14;12;11;7;6;4;9;16;4;7;142;40;30;21;10;7;6;22
8;2007.02.24 18:00;2007.03.24 11:44;1;1;NA;NA;NA;4;3;2;3;3;3;1;4;2;2;1;1;3;1;2;1;1;3;1;1;1;1;2;3;2;1;2;2;3;4;1;1;2;1;1;1;1;3;1;1;1;2;2;1;3;1;4;1;3;1;3;1;1;1;2;4;4;3;3;3;2;1;1;2;2;4;1;2;3;2;4;1;3;1;2;3;4;3;3;1;2;3;2;1;2;2;1;2;1;2;28;37;29;29;26;8;5;6;9;7;9;9;12;9;9;4;7;10;9;7;5;7;5;4;10;104;31;20;9;13;13;6;30
9;2007.03.24 14:31;2007.03.24 15:49;2;2;2378;2192;2324;2;3;2;3;2;2;2;2;2;3;2;3;3;2;1;2;2;3;2;3;2;1;2;3;1;2;2;2;3;3;3;2;3;2;2;2;2;3;2;2;1;2;2;3;2;3;3;3;3;1;3;2;2;2;2;1;3;3;3;3;2;1;1;2;3;2;2;2;3;3;3;3;2;2;2;2;3;3;2;2;3;3;2;2;2;2;3;2;2;3;35;38;38;32;35;7;11;10;7;7;9;10;12;11;9;8;10;8;10;7;9;7;8;10;10;137;42;29;18;11;11;6;26
10;2007.04.24 9:37;2007.04.24 10:25;1;3;NA;NA;2026;1;2;3;4;1;3;2;4;1;1;1;1;1;2;1;1;2;4;2;1;1;1;2;4;1;1;3;3;1;1;2;3;1;4;1;1;2;4;2;1;1;2;3;3;1;1;3;2;1;1;1;1;1;4;2;1;2;3;4;4;1;1;1;4;2;4;2;3;2;3;4;3;3;4;1;1;3;4;3;1;2;4;4;2;4;1;1;3;1;2;18;42;54;19;32;4;5;5;4;9;12;6;15;15;15;14;10;5;6;5;4;6;9;8;9;118;29;26;20;10;11;10;21
11;2007.04.24 11:10;2007.04.24 11:29;1;2;NA;NA;NA;3;4;4;1;3;2;4;4;2;3;3;3;4;4;3;3;4;4;2;3;3;3;1;2;2;2;4;4;2;3;3;3;4;3;4;3;4;4;1;2;4;2;4;2;3;3;1;1;4;4;3;4;3;4;4;1;4;4;4;4;4;4;4;4;4;3;4;4;3;3;3;4;3;4;4;4;4;3;4;3;3;3;3;4;1;1;2;2;2;1;46;55;41;48;59;14;10;11;11;13;13;14;15;9;9;15;8;12;13;15;9;13;16;14;16;107;40;25;25;24;19;20;80
12;2007.04.24 10:58;2007.04.24 11:37;1;3;1200;1200;1789;1;2;3;3;3;3;4;4;1;3;3;2;4;2;1;3;4;4;4;1;1;3;3;3;4;2;4;4;2;3;4;4;4;4;4;3;3;4;2;3;2;3;4;3;3;2;1;3;3;3;4;3;3;3;4;2;4;3;3;3;2;4;1;3;4;3;3;3;3;4;2;3;2;3;2;2;4;4;4;2;2;4;3;4;2;2;2;2;3;1;38;53;45;44;54;6;8;14;10;11;14;13;15;12;11;12;10;14;13;11;8;12;15;12;15;104;37;20;20;18;15;18;59
13;2007.04.24 9:59;2007.04.24 11:40;2;2;2113;2052;2185;3;2;2;3;3;2;1;3;3;3;4;1;2;2;1;3;2;3;3;2;2;2;2;3;2;2;2;4;3;2;3;1;3;3;2;3;1;3;3;3;1;2;1;3;3;3;3;2;4;2;3;2;3;3;3;1;2;3;3;3;2;3;2;3;2;1;1;2;4;3;2;2;2;3;2;2;2;3;2;3;3;2;2;2;1;2;4;1;3;3;42;40;41;36;28;8;12;13;9;7;11;10;12;12;6;11;12;10;10;8;10;9;6;6;7;109;36;20;15;11;14;11;40
14;2007.04.24 11:24;2007.04.24 11:40;1;2;1208;1127;1208;2;2;3;4;1;3;4;4;2;1;2;3;1;3;1;1;3;3;4;2;2;2;3;3;2;2;4;3;2;2;2;3;2;3;2;2;3;3;2;2;2;2;3;2;2;2;2;2;2;2;2;2;2;3;2;3;2;2;2;4;2;2;2;2;2;2;3;3;2;2;2;2;3;4;3;3;2;2;2;3;2;3;3;3;3;1;3;3;3;3;35;41;47;29;42;8;9;9;9;11;12;8;10;11;12;13;11;7;7;8;8;8;14;10;10;99;27;18;15;15;12;12;32
15;2007.04.24 11:08;2007.04.24 12:09;1;1;NA;NA;NA;2;1;2;3;2;4;2;3;2;4;3;1;4;4;2;1;2;4;3;3;1;1;2;3;3;2;1;3;2;4;1;2;2;4;3;1;2;3;2;3;1;1;2;3;3;1;2;2;1;3;1;2;2;4;2;1;3;3;4;3;1;2;1;3;4;2;2;2;1;2;3;2;3;4;3;3;4;4;1;3;1;3;3;3;4;2;3;4;2;4;25;42;55;44;31;5;7;7;6;7;10;11;14;12;14;16;13;12;13;10;11;5;8;7;11;120;35;21;23;12;14;11;29
16;2007.04.24 11:56;2007.04.24 12:38;1;2;NA;NA;1600;3;1;3;2;2;3;2;1;4;3;4;1;2;1;1;2;1;4;2;1;2;1;3;2;1;2;4;3;1;3;2;1;1;3;4;2;2;4;2;2;1;1;3;3;1;1;1;2;4;2;4;2;4;4;3;1;2;3;4;4;1;3;2;2;4;3;4;4;4;4;2;1;3;3;3;4;4;4;3;1;2;1;4;4;1;1;2;1;3;2;36;46;37;35;34;7;7;13;9;11;10;10;15;9;7;11;10;8;12;11;5;6;14;5;9;117;36;23;17;11;14;10;39
17;2007.04.24 15:02;2007.04.24 15:57;2;2;NA;NA;1347;2;3;3;3;3;1;4;4;3;3;3;3;4;2;1;3;3;4;3;1;2;3;3;3;3;3;4;4;4;3;3;3;4;3;2;3;3;4;3;1;2;3;3;3;2;3;1;3;3;3;2;3;3;4;3;1;3;3;3;4;3;3;3;3;3;1;4;4;4;2;3;3;3;3;3;3;4;4;3;2;4;2;1;4;2;1;4;1;2;2;43;56;41;35;53;9;14;10;10;12;15;14;15;12;6;12;11;11;11;9;5;12;16;12;13;108;36;23;20;20;15;16;42
18;2007.05.24 10:18;2007.05.24 10:45;1;1;1106;1106;1383;1;2;1;3;1;4;3;3;1;1;1;2;3;3;2;1;1;4;3;1;1;1;2;3;2;2;3;3;2;1;2;2;2;3;2;2;3;4;2;1;1;2;1;3;1;1;2;4;2;1;2;2;2;3;1;1;4;3;4;4;1;2;1;3;2;2;3;4;2;2;3;3;2;3;2;2;4;4;1;1;1;4;3;3;3;1;3;3;2;4;24;43;50;21;40;4;7;7;6;5;14;9;15;12;13;12;13;6;5;7;4;7;12;9;12;122;34;24;18;12;10;8;18
19;2007.05.24 13:14;2007.05.24 13:51;1;3;NA;NA;2000;3;3;1;3;2;2;1;2;1;3;3;1;1;3;1;3;2;4;4;2;2;1;1;3;3;2;3;2;3;2;3;2;1;3;1;2;2;3;2;2;1;1;1;3;1;2;4;1;3;1;3;1;1;4;2;1;3;2;4;3;2;1;1;3;2;1;2;2;3;3;2;1;2;3;2;3;4;4;2;1;3;4;2;1;2;2;4;2;3;3;40;29;48;28;29;8;11;12;9;4;7;5;13;12;10;13;13;8;9;6;7;6;7;5;11;112;35;24;19;13;12;15;43
20;2007.05.24 14:07;2007.05.24 14:36;1;1;1400;1320;NA;1;2;1;3;2;2;2;3;3;2;4;2;3;3;1;2;2;3;2;3;1;2;1;2;3;3;3;3;2;3;3;3;3;3;3;3;2;3;2;3;1;2;1;2;3;3;3;3;3;2;3;3;3;3;3;2;3;2;3;3;1;2;1;2;2;2;2;3;3;3;3;3;4;2;3;3;2;2;3;3;3;2;3;2;2;2;3;2;2;2;38;39;38;39;37;4;12;12;10;4;12;13;10;9;9;11;9;10;10;10;11;8;9;11;9;101;35;17;15;20;12;14;47
21;2007.05.24 14:16;2007.05.24 15:21;1;3;1292;1292;1899;3;2;2;3;3;3;2;4;1;3;3;2;3;3;3;3;4;3;3;1;2;3;3;3;3;3;4;4;2;3;2;3;4;3;3;2;2;4;3;3;2;2;2;3;3;2;2;3;2;4;2;4;2;4;2;1;4;4;4;3;2;4;2;3;3;3;3;3;2;3;3;2;3;3;3;3;4;4;2;4;2;4;3;3;3;2;2;3;2;3;36;50;51;44;48;9;9;9;9;9;14;12;15;12;13;13;13;12;13;11;10;11;12;11;14;106;37;17;17;19;10;16;42
22;2007.05.24 14:24;2007.05.24 15:36;2;2;1700;1700;2000;1;2;3;2;3;4;4;3;2;3;1;1;2;2;1;1;1;3;2;3;1;1;3;2;2;1;4;3;3;2;1;2;2;2;3;1;3;3;2;3;1;1;2;3;3;1;1;2;3;2;1;3;2;2;2;2;1;3;3;2;1;2;2;2;3;4;2;3;3;3;4;2;3;2;3;1;2;3;3;2;1;3;2;4;2;3;1;2;1;2;17;42;35;38;35;4;4;4;5;10;11;9;12;9;9;8;9;11;10;9;11;6;14;8;7;127;39;23;20;15;10;8;41
23;2007.03.24 17:07;2007.05.24 16:02;1;2;NA;NA;1500;1;1;1;3;2;4;3;2;3;2;1;2;1;1;3;1;3;2;1;3;1;1;2;3;2;1;2;2;4;2;1;2;2;2;2;1;2;2;2;2;1;2;1;2;2;1;3;2;3;1;1;2;1;1;1;3;2;2;4;3;1;2;2;3;2;3;2;2;3;3;4;3;2;2;2;2;3;1;3;3;1;2;1;2;2;2;2;2;1;2;20;27;33;32;34;4;5;4;7;6;8;6;7;11;7;6;9;8;8;8;10;6;9;9;10;100;22;18;14;13;10;7;36
24;2007.06.24 14:30;2007.06.24 15:30;1;2;NA;NA;753;2;4;3;4;2;4;4;3;3;2;3;3;4;2;3;3;3;3;2;2;1;4;2;3;3;4;3;3;4;2;3;4;3;2;4;3;4;4;3;3;2;3;2;3;3;3;1;3;4;2;3;4;2;3;2;1;4;4;4;4;2;4;1;3;3;1;4;3;4;3;2;4;4;3;3;2;4;3;2;2;1;2;1;4;1;1;4;1;3;3;40;47;40;39;60;7;12;12;9;8;12;13;14;13;5;10;12;11;9;12;8;15;15;15;15;112;35;25;18;15;14;15;42
25;2007.08.24 15:20;2007.08.24 16:01;2;3;2113;2093;2300;1;3;3;4;1;4;4;4;2;1;1;3;3;3;2;2;2;4;4;2;1;2;3;4;3;2;3;3;2;1;1;3;3;3;3;2;1;3;4;2;1;1;3;3;2;1;2;3;2;1;2;3;3;4;1;1;4;3;4;4;1;4;2;4;2;3;2;3;2;2;3;3;3;4;4;1;3;3;2;2;1;3;3;3;3;1;2;3;2;3;22;49;56;29;44;4;6;6;6;11;13;12;13;15;12;14;15;8;5;10;7;10;12;12;10;133;35;24;21;8;6;7;53
26;2007.10.24 17:59;2007.10.24 18:12;1;1;NA;NA;NA;1;2;1;2;3;2;4;4;1;4;2;4;4;2;1;2;3;1;4;2;1;3;1;3;4;4;4;4;1;4;2;4;3;4;4;1;3;3;2;3;1;1;1;4;3;4;2;2;1;3;2;4;4;4;3;2;4;1;2;3;2;4;1;4;4;1;2;2;1;2;3;4;4;3;2;1;2;1;1;2;3;4;4;3;4;2;4;4;2;4;34;37;54;44;51;5;15;8;6;4;12;15;6;13;16;13;12;14;13;10;9;10;13;16;12;117;44;23;25;18;20;17;49
27;2007.10.24 17:46;2007.10.24 18:15;2;1;1300;1100;1100;2;3;3;4;2;3;4;4;4;1;1;3;3;3;2;1;1;4;4;1;2;3;3;3;3;2;4;4;3;2;2;2;3;4;2;1;3;4;4;3;2;3;3;3;2;2;1;4;2;1;1;4;3;3;2;1;4;3;4;3;2;4;3;3;3;2;3;3;2;1;4;4;3;4;3;3;4;4;1;2;2;1;2;4;3;2;3;3;1;4;28;54;52;30;53;8;9;5;6;12;15;12;15;13;9;14;16;10;5;9;8;13;15;13;12;122;35;28;21;15;14;7;31
28;2007.10.24 17:48;2007.10.24 18:17;1;3;1,25;1250;1800;1;2;1;3;3;3;2;1;3;3;2;1;1;2;2;2;2;2;2;3;2;1;1;2;3;3;3;2;3;3;1;1;2;3;2;2;1;2;2;3;1;1;1;3;2;2;3;2;3;2;2;3;2;3;1;1;2;2;3;2;1;1;1;2;3;1;1;2;2;4;3;2;2;3;2;3;3;2;3;2;2;2;2;2;2;3;4;3;2;2;31;26;39;38;28;5;11;7;8;4;7;7;8;10;9;11;9;11;12;7;11;5;8;7;8;110;34;17;18;13;12;8;33
29;2007.10.24 17:52;2007.10.24 18:18;1;3;1850;1786;1786;2;3;2;4;1;3;4;3;1;1;2;2;3;4;1;1;1;4;4;1;1;2;2;4;2;2;3;3;1;1;1;3;2;4;2;1;3;4;4;1;1;3;1;4;1;2;1;3;1;1;1;4;2;3;1;1;3;4;4;4;2;3;1;4;1;2;4;3;1;2;4;3;4;4;1;1;4;4;1;1;2;4;4;4;4;1;3;4;1;4;24;45;63;18;49;6;9;5;4;6;12;11;16;16;16;15;16;5;5;5;4;11;15;12;11;139;40;29;25;8;14;7;22
30;2007.10.24 17:46;2007.10.24 18:19;1;3;780;760;760;2;3;1;3;3;3;3;2;1;3;2;2;2;3;2;2;2;3;3;1;1;1;1;3;4;2;4;2;2;4;2;2;2;3;3;1;3;4;4;3;1;3;1;3;3;2;3;1;1;1;3;2;2;3;2;2;4;1;3;3;1;3;1;3;4;1;2;2;2;4;3;3;3;4;4;3;4;4;1;3;2;4;3;2;4;2;4;3;2;4;32;32;53;44;43;5;10;9;8;4;7;9;12;12;14;13;14;14;12;11;9;10;11;9;13;119;37;22;18;13;10;9;32
31;2007.10.24 17:51;2007.10.24 18:23;1;1;1004;833;833;3;3;3;3;2;2;3;3;2;3;3;3;4;3;2;2;3;3;4;3;2;4;3;3;3;3;3;3;3;3;2;3;2;4;3;2;4;3;4;2;2;4;2;4;2;3;2;3;3;1;2;4;3;4;2;3;3;3;4;3;3;3;2;4;3;1;4;3;3;2;3;2;3;3;3;4;4;3;3;3;3;3;2;3;2;2;4;2;2;2;43;46;51;37;53;10;13;9;11;10;12;12;12;14;9;14;14;10;9;10;10;14;13;12;14;121;38;28;23;18;16;12;32
32;2007.10.24 18:02;2007.10.24 18:23;1;3;1433;1319;924;1;3;1;4;1;4;4;3;1;1;1;2;2;1;1;1;2;3;3;2;1;1;3;4;2;1;4;3;1;1;1;2;1;3;2;1;2;3;3;2;1;1;1;4;1;2;1;3;1;1;1;2;2;2;3;1;2;3;4;3;1;1;1;3;1;4;3;3;1;1;4;2;3;3;2;2;4;3;2;2;1;4;4;4;4;2;1;4;1;3;18;38;53;23;39;4;5;4;5;6;12;8;12;15;16;9;13;5;4;8;8;6;15;8;10;140;33;30;21;6;6;6;16
33;2007.10.24 18:15;2007.10.24 18:44;1;3;1600;1400;1400;4;3;2;3;3;3;4;4;3;3;3;2;3;3;4;2;4;4;3;4;3;4;4;4;3;4;4;4;4;4;4;4;3;3;4;3;2;3;3;2;3;3;3;3;2;2;2;2;2;3;2;3;3;3;3;3;3;3;3;3;3;3;2;3;3;3;3;3;2;3;3;3;3;3;3;3;3;3;2;2;2;2;1;3;3;2;2;3;2;3;45;49;46;46;51;13;10;11;11;11;13;12;13;13;9;12;12;11;13;14;10;13;14;12;12;109;36;24;20;20;16;15;66
34;2007.10.24 17:53;2007.10.24 18:46;1;3;1515;1402;1402;2;3;1;3;2;3;4;2;3;2;3;1;2;1;1;2;1;4;2;2;1;2;1;3;2;3;4;2;3;3;3;3;2;3;2;2;3;4;2;2;3;1;1;3;3;3;2;3;3;1;3;3;1;2;2;1;4;2;3;3;2;3;1;2;3;2;3;3;3;2;3;1;3;2;2;3;3;4;2;3;2;2;2;3;2;2;3;2;2;3;38;36;37;32;42;8;11;11;8;4;10;8;14;11;8;8;10;10;8;7;9;9;14;8;11;105;30;20;16;13;14;10;36
35;2007.10.24 18:03;2007.10.24 18:51;1;2;NA;NA;1688;3;4;2;3;2;2;2;3;4;3;4;2;4;3;2;4;3;2;3;1;2;2;3;2;4;4;2;3;2;3;2;3;3;3;3;4;3;3;4;2;2;1;1;4;1;3;3;2;1;3;4;4;2;3;3;2;4;3;4;4;2;1;2;3;2;1;3;2;1;3;1;4;3;4;3;4;4;3;1;3;3;1;3;2;4;1;4;4;4;4;51;41;52;38;44;9;14;14;14;8;10;12;11;12;12;13;15;9;12;11;7;8;9;13;14;108;34;19;18;10;11;18;55
36;2007.10.24 18:18;2007.10.24 18:52;1;2;NA;NA;650;4;2;2;3;3;3;2;2;1;3;2;1;2;3;1;1;1;4;2;2;2;3;2;3;2;3;3;2;3;3;2;2;1;3;2;1;2;4;2;2;1;3;2;2;1;2;3;2;1;1;2;2;2;3;2;2;2;2;2;3;3;3;1;3;2;1;2;2;2;3;4;2;3;3;1;1;3;4;2;2;2;4;2;2;4;2;4;3;1;3;33;37;45;30;35;10;11;7;5;7;8;8;14;11;13;12;9;8;10;6;8;11;9;7;8;117;31;26;19;10;13;10;23
37;2007.10.24 18:37;2007.10.24 19:04;1;3;910;860;860;1;3;1;4;1;2;4;4;2;3;2;4;3;1;1;2;1;4;3;2;1;3;4;4;1;4;4;4;3;1;1;1;4;2;3;1;2;2;2;2;1;2;3;3;3;2;3;4;3;1;3;1;2;2;3;1;2;2;3;3;1;3;4;4;4;1;3;3;3;1;4;2;3;3;2;1;4;4;2;2;3;3;2;2;2;2;4;2;1;3;29;51;43;30;41;4;13;7;5;12;15;12;12;15;9;8;11;9;6;9;8;11;13;8;9;131;41;26;20;13;16;5;36
38;2007.10.24 18:20;2007.10.24 19:04;1;3;1425;NA;1750;3;2;1;4;1;3;3;2;1;2;2;1;3;3;1;1;3;4;4;1;2;3;3;4;3;2;4;3;2;3;2;3;2;3;2;1;3;4;2;2;1;2;2;3;1;4;3;4;2;1;2;2;3;2;3;2;4;4;3;3;2;4;2;3;1;3;2;3;2;2;3;2;4;3;4;3;4;4;1;2;2;4;3;2;3;2;2;3;2;4;33;48;51;29;44;8;10;8;7;8;12;12;16;14;13;11;13;6;8;10;7;11;11;8;14;124;37;29;21;18;14;9;31
39;2007.10.24 17:49;2007.10.24 19:11;1;1;1500;1200;1200;1;2;3;3;2;3;4;3;1;2;1;1;1;3;2;1;1;4;4;2;1;1;3;4;2;2;4;3;3;2;1;2;1;3;1;1;2;4;3;2;1;1;2;3;2;1;2;3;1;1;1;1;2;3;2;1;1;4;4;3;1;1;2;3;2;2;2;4;2;2;4;2;3;3;2;2;2;3;2;2;2;4;2;3;4;2;3;3;1;3;21;45;52;28;30;4;8;4;5;10;13;7;15;13;13;12;14;8;7;7;8;5;13;6;6;133;31;26;20;9;5;6;25
40;2007.10.24 18:06;2007.10.24 19:12;1;2;NA;NA;700;1;3;3;4;2;2;2;2;1;2;2;2;4;3;1;1;2;4;4;1;1;3;4;4;4;2;2;3;2;3;2;2;4;3;1;1;4;4;3;1;1;4;1;4;1;2;2;3;1;1;2;1;4;3;1;1;3;2;4;4;2;4;2;4;4;2;3;2;1;1;4;3;3;4;2;2;4;4;1;2;3;4;3;3;4;1;3;4;1;4;27;49;59;27;45;5;10;7;5;10;10;15;14;16;15;13;15;11;7;5;5;14;10;8;13;142;39;29;22;7;8;7;19
41;2007.10.24 19:26;2007.10.24 20:04;1;3;NA;NA;1536;1;3;1;3;1;3;4;2;1;2;1;3;2;4;1;1;2;2;4;1;1;1;1;3;2;2;4;2;1;2;2;3;1;3;2;1;4;3;4;1;1;3;1;4;1;3;3;2;1;1;3;3;1;4;2;2;4;3;4;4;4;2;1;4;3;1;3;2;2;4;3;2;4;4;3;2;4;3;1;2;2;4;4;2;4;1;4;3;2;4;32;31;60;28;47;7;11;8;6;4;8;8;11;14;15;15;16;7;9;8;5;9;13;11;14;125;38;23;23;13;5;15;39
42;2007.10.24 17:47;2007.10.24 20:31;1;1;1200;1200;1200;3;4;3;4;3;2;2;2;2;3;3;3;2;2;3;3;2;4;3;2;3;4;4;4;3;3;2;2;2;3;2;3;3;3;2;2;3;4;4;3;2;3;2;4;2;3;4;2;1;2;3;3;3;3;3;3;2;4;3;3;3;3;3;3;3;2;3;2;1;3;3;4;3;3;3;3;3;3;1;3;3;3;3;1;4;2;3;4;2;4;44;46;54;41;45;11;12;10;11;12;8;11;15;15;14;11;14;11;11;11;10;14;8;13;10;122;41;22;22;14;14;13;47
43;2007.10.24 17:46;2007.10.24 20:36;1;3;NA;NA;1400;2;4;3;3;2;2;3;3;3;2;2;2;3;2;2;2;1;3;3;2;2;2;3;3;2;3;4;3;3;2;2;3;2;3;2;3;3;3;3;2;2;2;2;3;2;3;1;2;3;1;2;3;3;2;2;2;3;3;3;3;2;3;3;3;2;2;3;3;3;3;3;3;3;3;2;3;3;3;2;2;3;2;2;4;2;2;3;2;2;3;38;45;42;30;46;8;12;8;10;11;11;11;12;12;8;10;12;8;8;8;8;11;14;11;10;104;37;20;10;17;16;8;31
44;2007.10.24 20:36;2007.10.24 20:54;1;1;879;879;879;2;3;3;2;4;1;1;1;3;3;3;1;1;4;2;3;1;4;4;1;1;1;2;2;3;4;3;2;3;4;3;1;1;4;3;3;2;4;2;1;1;1;1;3;4;4;3;2;1;2;4;4;2;4;2;2;2;2;3;2;3;3;1;3;4;1;2;2;2;4;2;3;3;3;4;4;4;3;2;4;4;2;2;2;4;3;4;3;3;3;48;34;48;45;34;7;16;13;12;7;7;7;13;10;11;15;12;15;13;11;9;8;8;9;9;124;41;27;20;14;14;12;39
45;2007.10.24 19:51;2007.10.24 20:59;1;3;1408;1391;1391;3;2;4;4;1;3;1;1;1;1;2;1;1;1;1;2;1;3;3;1;2;1;1;4;1;3;3;2;1;1;2;4;1;3;1;2;2;3;2;1;1;2;1;4;2;1;4;1;1;1;2;2;1;2;1;2;2;3;2;4;1;1;1;3;1;3;2;2;1;1;3;4;4;3;1;2;2;2;2;1;2;4;4;1;4;1;2;4;2;3;31;31;50;16;31;7;8;8;8;7;6;7;11;15;16;9;10;5;4;4;4;6;7;11;7;127;34;28;18;8;12;7;16
46;2007.10.24 20:20;2007.10.24 21:13;1;3;NA;NA;1900;1;1;4;4;1;4;1;4;1;2;1;1;1;2;1;1;3;4;2;1;1;1;3;4;1;1;1;4;4;1;1;1;1;4;2;1;1;4;1;1;1;1;4;3;1;1;4;2;2;1;1;1;1;3;1;1;3;3;2;4;1;1;1;3;1;4;1;3;3;1;3;1;1;3;3;1;4;4;3;1;1;4;1;1;3;1;1;2;2;2;17;44;43;19;23;4;4;5;4;12;13;4;15;14;10;12;7;4;5;7;4;4;4;4;11;99;14;20;5;5;5;4;17
47;2007.10.24 18:45;2007.10.24 21:39;1;3;1280;1150;1150;2;4;2;3;1;1;4;3;1;3;3;3;3;4;1;2;2;4;4;4;2;1;2;3;3;4;4;3;2;1;2;3;3;4;3;3;4;4;4;1;1;1;3;3;1;4;2;2;1;1;2;1;2;4;2;1;4;1;1;2;3;3;2;4;1;1;1;2;2;3;3;4;3;4;3;2;4;4;2;1;4;4;3;3;4;3;4;3;2;3;41;43;55;29;46;8;16;9;8;9;10;11;13;13;14;16;12;6;8;9;9;9;12;11;14;131;35;24;22;8;6;12;34
48;2007.10.24 22:22;2007.10.24 22:47;1;2;NA;NA;1310;2;2;3;3;2;3;2;4;3;3;4;3;3;4;2;3;2;3;2;2;2;3;3;3;2;2;2;3;4;3;3;3;3;3;1;3;2;3;3;3;2;1;2;3;2;3;3;3;4;3;3;3;3;3;3;2;2;2;4;3;3;2;2;3;3;3;2;3;4;3;3;3;4;4;4;3;3;3;1;3;2;2;1;2;1;2;2;1;2;4;41;47;44;39;37;9;9;12;11;10;13;13;11;12;5;14;13;9;12;10;10;8;8;12;9;115;39;26;21;19;14;14;33
49;2007.10.24 22:53;2007.10.24 23:02;1;2;930;910;910;1;4;3;3;3;2;4;4;3;2;1;3;4;2;2;1;3;4;3;2;2;4;3;3;2;3;4;4;2;3;2;4;1;2;3;1;4;3;2;4;1;2;2;3;2;1;1;3;4;1;2;4;2;3;1;1;3;3;4;2;1;4;2;3;3;1;3;2;4;3;4;4;3;2;2;3;4;3;3;4;3;2;3;4;1;3;4;1;1;2;28;46;39;37;58;5;11;6;6;10;13;10;13;12;7;9;11;10;9;8;13;14;15;15;14;114;27;30;13;13;6;13;39
50;2007.10.24 23:35;2007.11.24 1:40;1;3;NA;NA;900;1;2;3;4;2;3;3;3;2;1;3;1;1;2;4;3;2;4;3;1;1;1;4;4;2;2;4;3;3;1;1;1;1;2;1;2;3;4;3;1;1;1;3;3;1;3;2;2;2;1;3;2;1;2;1;1;3;4;3;4;1;3;3;2;1;2;2;2;1;2;3;1;3;1;2;1;4;4;1;1;2;3;2;3;3;1;3;4;2;4;30;45;45;22;36;4;10;9;7;13;10;6;16;13;12;7;13;6;5;8;4;7;12;5;12;120;25;23;17;7;8;4;19
51;2007.11.24 2:07;2007.11.24 2:25;1;2;850;700;700;1;3;3;4;2;2;4;3;1;1;3;4;3;4;2;2;2;3;4;2;1;2;3;4;2;3;3;4;1;1;1;3;2;4;2;2;3;3;4;1;1;2;2;4;2;2;1;4;1;1;3;3;2;4;2;3;3;3;4;4;3;4;2;4;2;1;3;4;1;1;2;3;3;4;2;3;2;3;1;2;3;4;4;4;4;1;4;4;3;4;38;47;64;25;48;6;12;10;10;10;15;10;12;16;16;16;16;8;4;8;6;11;14;13;10;105;36;21;13;13;13;15;32
52;2007.11.24 5:29;2007.11.24 6:13;1;3;NA;NA;1770;2;4;4;2;4;3;4;4;2;1;3;4;4;4;3;4;4;3;3;2;1;4;1;2;4;4;4;4;4;3;2;4;4;2;1;3;4;4;2;3;1;1;4;3;3;1;2;2;3;3;1;4;3;3;4;4;4;3;3;3;1;3;3;3;3;1;3;3;3;4;4;2;3;3;4;4;3;3;3;3;2;3;1;3;2;2;4;2;1;2;38;52;40;45;55;5;11;7;15;12;13;14;13;10;8;12;10;14;11;12;10;12;14;14;15;114;37;25;20;20;14;14;55
53;2007.11.24 7:00;2007.11.24 7:38;1;3;NA;NA;1318;1;2;2;2;2;3;4;4;1;3;1;2;3;3;1;1;3;4;3;2;1;2;3;3;2;1;2;3;2;4;1;1;1;4;2;1;2;4;3;1;2;2;1;3;4;1;1;3;2;1;1;3;3;4;1;1;3;3;4;3;1;4;3;4;4;3;3;2;2;1;4;3;3;3;3;2;3;3;1;2;2;4;3;4;3;2;2;3;1;4;20;45;53;33;43;5;6;4;5;9;12;10;14;12;13;14;14;12;9;7;7;10;13;9;11;117;39;20;20;16;11;11;42
54;2007.11.24 7:19;2007.11.24 7:50;1;3;1250;1250;1234;3;4;2;3;2;1;4;3;2;3;3;3;3;4;2;2;2;2;3;2;3;2;2;3;2;3;4;3;3;2;2;2;2;3;3;3;3;3;3;4;3;2;2;3;2;3;3;2;2;1;2;3;2;4;2;2;3;2;3;4;3;3;3;3;3;2;3;2;2;3;3;2;3;4;4;3;3;3;1;1;4;3;2;2;3;1;3;3;2;4;44;39;51;36;45;12;13;9;10;9;10;10;10;12;11;15;13;9;9;11;8;11;13;10;11;113;35;25;20;12;16;15;31
55;2007.11.24 7:28;2007.11.24 7:56;1;3;1400;1322;1322;2;4;3;4;2;3;3;3;1;1;2;1;3;4;2;2;2;3;4;1;3;2;4;4;2;4;3;4;1;2;3;2;2;4;2;2;1;3;3;1;2;2;3;4;2;3;3;4;1;2;3;4;4;4;2;1;2;3;3;4;3;2;3;4;2;1;2;3;1;2;3;3;4;4;4;3;3;3;1;1;2;4;4;2;4;1;4;4;2;4;41;52;62;28;38;10;13;10;8;13;14;13;12;16;16;16;14;8;7;10;4;10;10;10;8;113;35;25;22;13;14;16;26
56;2007.11.24 7:08;2007.11.24 8:14;1;1;NA;NA;1100;2;3;4;3;2;4;1;2;2;4;1;1;3;2;4;2;4;4;4;2;2;4;4;4;2;2;4;2;4;2;4;2;4;4;4;1;1;4;2;2;1;1;4;1;2;1;2;4;4;4;2;3;4;4;4;1;4;1;1;2;1;4;4;4;1;2;1;4;4;1;4;4;2;4;4;3;4;4;1;4;1;3;1;3;1;3;3;1;1;4;28;54;43;42;44;6;7;8;7;16;12;13;13;12;6;14;11;7;11;16;11;12;9;10;13;133;41;28;25;19;14;6;44
57;2007.10.24 17:47;2007.11.24 8:23;1;3;NA;NA;1950;1;1;1;3;2;3;4;2;3;2;2;2;2;3;2;2;2;3;3;2;1;1;1;3;3;3;4;2;3;2;1;3;1;3;3;2;2;2;2;3;3;1;1;4;2;2;1;2;3;1;3;4;3;4;3;1;3;2;4;3;1;3;1;2;3;2;3;2;3;3;4;3;2;4;3;2;3;2;2;2;2;2;2;4;2;2;3;2;1;3;30;29;46;36;43;6;10;7;7;4;8;8;9;12;8;14;12;10;8;11;9;6;15;12;10;111;31;24;19;15;13;11;26
58;2007.11.24 8:30;2007.11.24 9:29;1;1;NA;NA;NA;2;4;3;3;2;2;4;3;1;2;4;3;3;3;2;3;3;4;4;3;2;4;3;3;2;3;4;3;1;2;3;4;1;3;3;4;3;2;2;4;1;4;3;3;2;1;1;4;1;2;3;4;4;3;2;1;2;2;3;3;1;4;3;4;3;3;4;3;1;3;2;4;3;4;3;1;3;3;1;1;3;4;4;4;4;2;2;4;3;4;37;47;55;36;58;6;9;13;9;12;13;11;11;13;16;13;13;9;9;10;10;16;16;15;11;99;29;18;13;15;12;12;47
59;2007.11.24 3:04;2007.11.24 9:32;1;2;1700;1600;1600;1;3;2;2;3;3;3;3;2;4;2;1;1;1;2;2;2;2;1;3;1;2;2;2;1;2;4;2;3;3;2;3;1;3;3;2;2;4;1;3;1;3;2;3;2;1;3;2;3;3;1;3;2;2;2;1;3;2;3;2;1;3;2;2;3;2;2;2;3;3;3;2;2;2;3;3;3;3;3;4;2;3;2;2;2;3;3;2;2;2;27;34;33;42;41;4;8;7;8;8;9;6;11;9;9;8;7;9;13;10;13;11;11;9;10;109;37;20;20;18;15;15;35
60;2007.11.24 9:17;2007.11.24 9:39;2;3;1500;1500;2000;3;1;1;4;2;3;2;3;1;3;1;1;1;3;2;1;3;2;3;2;1;2;2;3;1;1;3;3;1;1;1;2;1;3;1;1;3;3;2;1;1;1;2;3;1;1;1;1;4;1;1;3;1;4;1;1;3;3;4;4;1;1;2;3;3;1;1;2;4;3;4;2;3;4;1;1;4;4;1;1;2;4;4;4;1;1;4;1;1;4;22;34;50;24;36;6;8;4;4;7;9;6;12;13;10;14;13;7;8;5;5;5;10;8;13;99;27;18;15;15;12;12;48
61;2007.11.24 9:16;2007.11.24 9:50;1;1;NA;NA;420;1;3;2;3;2;4;3;4;3;3;2;1;3;4;1;2;1;3;3;2;1;3;3;3;2;3;3;4;3;2;1;2;3;4;3;2;3;4;4;2;1;3;2;3;2;2;2;3;3;1;3;4;3;4;2;1;3;3;2;3;1;4;2;3;2;1;3;4;3;2;3;2;2;4;2;1;3;4;4;3;1;2;2;3;2;2;4;2;2;1;28;49;46;31;44;4;10;8;6;9;15;11;14;12;8;16;10;8;8;8;9;13;12;9;10;133;39;30;23;16;12;11;37
62;2007.11.24 7:32;2007.11.24 9:56;1;3;100;177;906;1;2;1;1;2;3;4;3;4;4;4;4;2;4;3;4;1;4;4;1;1;4;1;3;1;4;4;4;4;4;4;4;2;4;4;4;1;4;2;3;4;4;3;4;3;3;1;4;1;4;4;4;4;4;2;1;4;4;4;4;2;4;4;4;4;4;4;4;1;1;1;1;1;4;4;1;4;4;4;4;2;1;1;4;4;1;1;4;4;1;44;49;49;44;53;8;10;16;10;9;15;9;16;12;10;16;11;10;13;13;9;14;16;13;10;117;45;30;25;25;20;20;65
63;2007.11.24 9:59;2007.11.24 10:23;1;2;753;514;531;3;3;4;3;2;3;4;3;2;4;3;2;1;3;2;2;2;2;2;2;3;4;4;3;2;2;4;3;3;3;2;2;1;3;4;3;2;3;1;2;1;3;4;3;2;1;1;3;2;3;3;4;2;3;2;1;3;4;4;4;3;4;4;3;3;3;4;2;3;2;3;2;4;3;4;2;3;4;3;2;2;3;2;4;3;1;2;2;2;2;35;48;43;39;50;10;7;10;8;16;11;8;13;12;10;12;9;9;12;12;7;14;16;10;10;110;39;25;19;19;19;17;67
64;2007.11.24 9:59;2007.11.24 10:29;1;3;NA;NA;2000;1;3;2;3;1;4;4;4;3;2;1;2;2;1;1;1;1;4;2;2;2;1;4;3;2;1;4;3;4;1;1;2;1;3;1;1;2;4;2;2;1;2;2;2;3;2;3;2;3;2;1;2;1;2;1;1;2;3;3;3;1;2;3;3;1;3;3;3;3;2;4;2;1;3;1;1;3;4;3;2;1;2;1;2;2;2;2;2;1;2;19;43;36;24;37;5;6;4;4;11;12;5;15;11;7;9;9;7;7;4;8;8;13;8;8;129;40;29;15;16;13;6;26
65;2007.11.24 10:40;2007.11.24 11:14;1;1;NA;NA;NA;3;3;1;4;3;3;4;3;2;2;3;2;3;4;2;3;2;1;3;1;2;1;4;4;3;3;3;4;1;1;3;4;4;4;2;2;3;4;4;1;2;1;1;4;1;3;1;3;1;3;3;2;3;4;2;1;3;4;4;4;3;1;3;3;2;1;3;4;1;1;3;3;3;4;3;4;4;4;1;1;2;3;4;4;4;1;4;4;2;4;43;49;61;28;43;10;12;11;10;9;14;13;13;15;15;16;15;9;7;9;4;6;14;11;12;122;38;26;19;12;9;14;25
66;2007.11.24 15:03;2007.11.24 15:38;1;1;1500;1350;1500;3;2;2;3;2;3;2;2;2;2;1;2;2;2;2;2;2;3;2;2;2;2;2;3;2;2;3;2;2;3;2;3;2;2;2;2;3;3;2;2;2;2;2;2;2;2;3;2;2;1;2;2;2;2;2;2;3;3;3;3;2;2;1;3;3;2;3;3;2;2;3;3;2;2;2;2;3;3;3;2;2;3;3;2;3;2;3;3;2;2;33;36;40;31;39;9;9;7;8;7;9;8;12;11;12;8;9;9;8;8;8;8;10;10;11;125;39;24;20;14;12;8;25
67;2007.11.24 14:27;2007.11.24 16:43;1;3;NA;NA;1828;1;3;2;3;3;3;3;1;2;3;3;2;2;3;3;3;4;3;2;2;1;1;2;3;2;3;3;2;4;4;3;3;2;3;2;3;1;4;3;2;1;2;1;4;3;2;3;2;3;1;3;3;1;3;2;1;2;3;4;3;1;2;1;2;4;2;2;2;3;3;2;2;2;3;3;2;3;4;2;2;2;3;1;2;2;2;3;2;3;3;35;34;44;39;38;4;10;12;9;6;7;7;14;12;8;12;12;12;11;10;8;8;10;10;10;125;42;22;22;13;7;17;64
68;2007.11.24 16:08;2007.11.24 16:45;1;1;1056;956;956;4;2;1;2;3;3;2;2;3;4;2;1;1;1;1;1;2;2;2;2;1;2;1;3;1;1;2;2;4;1;2;3;1;2;3;2;2;2;1;2;1;3;1;4;2;2;3;1;4;1;3;3;1;3;3;3;3;1;3;3;3;4;1;2;2;4;1;2;1;3;4;2;2;2;1;4;4;2;3;4;2;2;1;2;1;2;1;4;1;2;33;23;35;33;38;9;6;8;10;4;7;5;7;11;8;8;8;8;9;8;10;11;7;9;11;109;37;22;15;14;15;10;32
69;2007.11.24 16:19;2007.11.24 16:50;1;3;1477;1477;1477;1;3;1;4;2;3;3;2;1;1;2;3;2;3;1;1;1;4;4;2;1;1;3;4;1;3;3;2;1;2;2;4;2;4;1;1;3;3;4;2;1;1;1;4;1;2;1;2;1;1;2;3;2;4;2;1;3;3;4;4;1;1;1;4;2;1;3;2;1;3;3;1;2;4;2;2;3;3;1;2;2;4;4;4;4;1;4;4;2;4;28;35;63;25;40;4;11;8;5;6;8;8;13;16;16;15;16;6;7;6;7;6;13;11;10;125;35;23;18;10;8;7;28
70;2007.11.24 15:50;2007.11.24 18:07;1;1;1200;1200;1200;3;4;1;4;2;3;3;3;3;1;2;4;2;2;1;1;2;1;2;1;1;4;2;4;2;4;4;2;3;1;2;4;1;4;3;1;4;3;4;1;1;2;1;4;1;1;1;1;3;1;1;4;2;4;3;4;3;2;4;4;1;4;1;3;3;1;4;2;4;1;4;4;2;4;1;3;4;3;4;1;2;2;2;4;2;1;4;1;1;1;32;29;47;23;58;6;11;6;9;5;8;7;9;15;7;14;11;8;4;8;4;14;15;16;13;123;37;25;19;14;14;8;23
71;2007.11.24 18:07;2007.11.24 18:54;1;3;1030;915;915;4;3;1;3;4;3;2;2;1;3;1;1;1;1;2;1;3;3;1;2;3;2;1;3;2;2;4;2;2;4;1;1;1;3;1;1;3;4;1;3;1;1;1;3;2;2;1;1;4;1;1;3;1;3;1;4;2;3;2;2;1;2;1;2;4;3;3;2;4;4;4;1;2;1;1;4;4;3;4;1;2;4;3;4;1;3;2;1;1;1;31;29;33;35;39;9;8;4;10;4;7;5;13;11;9;8;5;12;12;5;9;8;13;6;12;113;43;25;11;21;14;9;20
72;2007.11.24 19:10;2007.11.24 19:54;1;3;1635;1635;2182;2;3;3;4;2;3;4;3;1;1;1;3;3;3;2;1;1;3;4;1;1;2;3;4;3;2;4;3;1;1;1;3;4;4;2;1;3;4;4;1;1;3;2;4;1;1;2;3;2;1;1;2;2;4;1;1;3;3;4;4;1;4;3;3;2;2;3;4;2;2;4;4;3;4;2;2;3;3;1;2;2;4;4;3;3;1;3;3;1;4;22;49;60;24;48;5;8;4;5;11;13;12;13;15;14;15;16;8;5;7;5;12;14;12;10;135;39;29;21;11;10;9;20
73;2007.11.24 23:08;2007.12.24 0:52;2;3;2378;2222;2324;1;2;2;4;2;3;3;3;1;3;1;1;3;3;1;1;2;4;4;1;1;1;2;4;2;1;3;2;2;1;3;2;2;4;4;1;3;4;3;1;1;3;1;4;1;1;3;2;1;1;1;2;1;4;3;1;3;2;4;4;1;1;1;4;2;4;2;4;2;1;4;2;1;4;4;4;4;4;1;2;2;4;3;2;4;1;1;3;1;4;22;38;60;29;36;4;5;6;7;6;11;7;14;16;14;15;15;7;6;12;5;7;10;7;12;130;37;27;23;10;11;10;30
74;2007.12.24 6:21;2007.12.24 6:54;1;1;607;540;540;3;1;3;4;1;3;3;4;3;2;2;1;1;3;2;2;2;4;2;2;2;3;2;3;2;1;3;4;3;2;1;2;3;3;2;1;2;4;2;2;3;1;2;3;1;1;2;2;2;2;1;1;2;4;2;1;1;4;3;4;2;1;1;3;1;4;2;3;2;2;4;3;2;4;3;2;2;4;1;1;2;2;2;3;3;1;1;3;1;4;26;45;48;27;31;10;5;5;6;8;13;8;16;13;10;14;11;5;8;9;6;6;11;7;7;129;40;23;23;13;14;8;24
75;2007.12.24 9:17;2007.12.24 10:00;2;3;NA;NA;1250;3;3;2;3;2;3;3;2;3;3;3;2;3;3;3;2;3;2;2;2;3;2;2;2;3;3;3;3;2;3;3;3;2;3;2;2;2;3;2;3;3;3;2;2;3;4;1;2;3;2;2;3;3;3;3;2;2;3;3;3;3;3;2;3;2;2;2;3;3;2;2;2;2;3;2;2;3;3;2;3;2;2;3;4;2;2;3;2;3;3;43;39;41;38;43;12;12;11;8;8;10;10;11;10;9;12;10;10;10;10;10;11;12;10;10;102;30;20;17;16;12;13;47
76;2007.12.24 9:52;2007.12.24 11:06;2;2;1156;1054;1054;3;2;1;3;2;3;3;3;2;3;2;1;2;3;2;2;2;3;3;1;2;1;2;4;2;2;3;3;1;3;2;1;2;3;2;2;2;3;2;2;1;1;1;3;1;2;3;2;1;1;1;1;1;3;3;1;2;2;3;4;3;3;2;3;3;3;2;3;2;3;3;3;3;3;3;2;3;3;3;2;2;3;4;2;4;1;2;3;2;2;31;36;49;33;32;9;8;7;7;6;11;8;11;13;14;12;10;8;10;10;6;7;10;6;9;122;37;25;19;12;14;9;23
77;2007.12.24 20:22;2007.12.24 20:51;1;3;1500;1300;1300;2;1;2;2;2;3;3;2;3;2;2;1;2;2;2;2;1;3;2;2;1;1;3;3;2;3;4;3;3;2;2;2;2;3;2;2;2;3;2;2;1;1;2;2;2;3;2;2;2;2;3;1;2;3;2;1;3;3;3;3;1;1;2;2;2;2;2;2;3;2;3;1;3;2;2;2;3;3;2;2;2;2;2;3;3;2;3;2;2;3;32;39;38;30;30;5;11;9;7;9;9;9;12;9;9;10;10;8;8;8;8;4;12;5;9;106;29;19;15;14;11;10;22
78;7.15.24 10:42:21;7.15.24 11:26:02;1;3;NA;NA;1068;3;1;1;4;1;3;3;3;4;1;3;3;2;2;1;4;1;3;2;3;1;3;1;4;2;4;3;2;3;2;2;1;1;4;3;4;2;3;2;3;3;2;2;4;3;4;4;3;3;1;3;1;2;4;2;3;2;2;4;3;3;1;2;2;1;1;2;3;2;2;2;2;3;3;1;2;2;2;3;1;2;1;2;1;2;2;4;3;3;2;48;35;45;27;30;10;14;11;13;6;11;8;10;14;8;13;10;7;6;7;9;7;9;7;7;131;41;26;16;8;8;10;23
79;7.15.24 13:27:47;7.15.24 14:09:40;1;3;1400;892;1200;4;2;2;3;2;3;4;2;1;3;1;3;2;1;1;1;2;3;2;3;1;3;2;3;2;1;4;2;3;3;1;2;1;2;4;1;2;2;1;3;1;3;2;2;3;3;1;2;3;3;2;3;2;2;3;1;3;2;3;3;3;3;1;3;3;2;2;2;2;3;4;2;3;3;2;2;3;2;3;3;2;4;2;4;2;2;3;3;1;2;28;32;38;41;45;9;9;5;5;7;8;8;9;11;11;8;8;10;12;10;11;11;14;10;10;110;32;20;18;16;10;10;49
80;7.15.24 13:55:56;7.15.24 14:26:31;1;3;NA;NA;1500;4;4;2;3;2;1;3;3;2;3;3;3;3;3;2;3;1;3;3;2;4;3;3;3;2;3;4;3;2;3;3;3;3;3;2;2;3;3;3;2;3;2;2;3;3;3;3;2;1;2;3;3;3;2;1;2;2;2;3;3;3;1;1;3;3;2;3;3;2;2;3;3;3;4;4;2;2;2;2;2;4;3;3;2;4;2;3;3;2;3;47;41;49;35;42;14;13;11;9;8;11;12;10;12;13;12;12;10;10;9;8;10;12;12;8;119;35;22;19;8;13;12;34
81;7.15.24 14:58:32;7.15.24 15:27:39;0;3;1560;1420;1420;2;3;2;2;3;4;4;3;3;3;2;3;3;4;3;2;4;3;1;3;2;4;4;2;3;2;4;3;3;3;3;3;2;3;2;1;2;3;2;3;2;3;3;2;3;2;1;3;3;1;3;3;4;4;3;3;3;2;3;3;2;3;3;2;3;3;2;2;3;3;3;3;4;3;4;4;4;3;2;4;1;2;2;4;2;2;2;2;2;3;35;47;39;44;52;8;7;10;10;12;11;13;11;8;8;14;9;12;10;12;12;13;14;12;13;102;36;13;14;14;10;13;38
82;7.15.24 16:42:54;7.15.24 17:24:59;1;3;NA;NA;1400;3;2;1;3;2;2;2;3;1;2;1;1;3;1;2;1;1;4;3;1;2;1;3;3;3;2;3;3;2;3;3;1;2;3;2;1;1;4;3;2;1;1;1;3;4;2;4;3;2;1;3;1;2;1;2;2;3;3;2;3;2;3;2;2;2;2;1;2;2;2;4;1;1;3;3;4;4;4;1;3;3;4;3;1;3;2;3;3;1;4;34;41;44;34;27;8;10;8;8;7;11;8;15;11;13;8;12;11;8;9;8;7;7;4;9;122;43;19;16;10;15;7;44
83;7.15.24 16:55:04;7.15.24 17:28:21;1;3;NA;NA;1750;3;4;3;2;4;3;4;2;2;3;3;3;2;3;1;2;3;4;3;2;2;3;3;3;3;3;4;3;1;3;2;3;1;3;3;1;4;4;2;4;1;3;2;2;3;2;1;2;1;2;3;3;2;4;3;2;4;3;4;3;1;4;3;3;2;1;4;2;1;3;3;3;2;3;3;3;4;3;3;3;2;3;4;4;4;2;4;4;2;2;36;41;49;42;57;7;11;10;8;11;9;7;14;10;15;13;11;12;11;10;11;14;16;12;15;136;39;24;23;10;8;8;25
84;7.15.24 18:56:27;7.15.24 19:25:45;1;3;NA;NA;1680;4;2;2;3;3;2;3;2;2;3;1;2;2;3;1;1;2;3;2;2;3;1;2;3;2;3;3;2;2;3;2;2;1;4;3;1;2;3;3;2;2;1;1;2;2;3;2;2;2;1;2;2;1;4;2;3;3;2;3;3;4;1;1;2;2;1;2;3;2;3;3;2;2;3;3;3;4;3;2;1;3;3;3;3;3;2;4;3;2;3;41;32;47;33;35;13;13;7;8;6;9;6;11;10;12;14;11;9;10;9;7;5;11;8;11;125;39;24;20;12;13;9;41
85;7.16.24 13:03:10;7.16.24 13:27:14;1;2;NA;NA;1060;1;2;1;3;3;2;4;3;2;3;1;1;1;3;3;1;3;2;2;3;1;1;1;3;2;4;3;2;3;3;2;3;1;3;3;1;2;2;4;3;1;1;1;4;2;1;3;2;1;3;1;3;1;4;2;1;4;2;4;3;1;4;1;3;4;1;2;2;2;3;3;2;2;3;4;2;3;1;2;2;3;3;2;2;4;2;4;3;2;3;27;25;51;43;40;4;12;6;5;4;9;5;7;13;12;13;13;11;12;12;10;8;11;9;12;130;38;21;19;7;6;9;42
86;7.16.24 12:49:42;7.16.24 13:42:05;3;1;2500;2500;NA;1;2;3;3;3;3;4;3;3;3;2;1;2;2;1;1;2;3;2;1;1;1;4;2;2;2;3;3;2;2;2;2;3;3;2;2;2;4;2;1;1;1;3;2;1;1;2;2;3;2;2;2;2;2;1;1;3;3;2;3;1;1;3;2;1;2;3;2;3;2;3;3;3;2;3;2;2;3;3;1;2;2;3;3;2;2;3;2;2;2;26;46;35;26;35;4;8;8;6;13;10;10;13;9;9;9;8;7;9;7;5;5;13;8;9;113;30;21;13;12;9;6;30
87;7.16.24 16:50:51;7.16.24 18:05:01;2;1;2345;1935;2150;1;3;3;3;2;2;4;2;2;1;3;1;1;2;1;1;1;3;3;1;1;1;4;4;3;1;4;3;3;1;1;1;1;3;1;1;2;3;2;1;2;1;3;3;1;3;1;1;3;1;3;1;1;2;1;1;3;3;3;4;1;1;3;2;1;2;1;1;3;2;4;4;2;1;1;2;4;3;2;2;3;3;2;4;2;1;3;2;1;3;28;37;40;20;36;5;10;8;5;13;7;5;12;12;9;8;11;7;5;4;5;6;13;7;10;128;38;23;20;11;8;8;18
88;7.16.24 21:14:47;7.16.24 22:07:39;2;3;1989;1989;2300;3;3;2;4;2;2;3;3;2;2;2;2;2;3;2;2;2;3;2;3;2;2;3;3;3;3;3;3;4;2;2;2;2;3;2;2;3;3;3;2;2;2;3;3;2;3;2;2;3;2;2;3;2;4;2;2;4;3;4;3;2;3;2;3;3;1;3;2;3;3;3;3;3;3;2;3;4;3;3;3;3;3;1;3;2;2;4;2;2;2;39;41;45;35;45;9;13;8;9;10;10;9;12;13;8;13;11;10;9;8;10;10;12;10;13;119;36;25;17;14;12;9;28
89;7.17.24 10:17:58;7.17.24 11:25:59;1;3;1840;1668;1425;2;3;2;3;1;1;4;3;1;2;3;3;2;3;2;1;2;3;3;1;1;1;3;3;1;2;3;2;1;3;3;2;3;3;3;2;2;2;2;2;1;1;1;3;2;2;3;1;2;1;2;3;3;3;2;1;3;3;4;4;1;2;1;3;3;2;2;2;1;2;3;2;3;3;3;2;3;3;1;2;4;4;4;2;3;1;3;4;2;4;32;37;52;30;38;5;11;10;6;7;8;11;11;12;15;12;13;7;8;10;6;7;11;10;10;127;41;20;20;8;4;16;31
90;7.17.24 10:57:27;7.17.24 11:47:35;1;3;NA;NA;2103;3;3;4;3;2;4;2;3;2;3;1;2;2;2;3;2;4;4;2;2;2;1;3;3;3;2;4;3;3;3;2;2;3;3;4;1;3;4;3;2;2;2;3;4;4;2;3;2;3;1;2;1;3;3;3;1;2;3;4;4;2;2;2;3;3;3;3;2;2;3;3;2;2;3;3;3;4;4;3;3;1;3;2;2;2;1;2;3;2;2;30;47;45;42;39;9;7;7;7;12;10;10;15;13;10;11;11;12;10;13;8;8;11;7;13;116;34;22;18;15;11;10;34
91;7.17.24 16:23:08;7.17.24 17:00:29;1;2;1493;1286;1017;4;3;1;3;3;3;4;3;1;4;2;1;3;4;1;1;2;2;2;1;2;1;2;4;4;4;4;3;1;4;3;4;2;4;4;1;4;2;2;3;1;3;1;4;2;2;1;2;1;2;2;4;3;4;2;3;3;2;3;4;3;4;1;3;4;1;4;3;1;4;4;4;3;4;3;2;3;2;3;2;2;4;4;4;4;1;4;4;1;2;37;35;55;43;52;10;12;8;7;5;11;11;8;14;16;16;9;13;14;10;7;11;16;13;12;123;42;26;16;14;8;17;49
92;7.17.24 20:07:47;7.17.24 20:56:48;1;2;NA;NA;1200;2;4;1;4;2;3;4;3;2;2;2;4;3;4;1;2;1;3;4;1;2;3;1;4;3;4;4;4;2;2;2;4;3;4;2;2;4;2;4;1;2;2;1;4;1;2;2;2;2;2;2;4;3;4;1;1;3;1;4;4;2;2;1;4;2;1;4;3;2;3;3;4;3;4;2;2;4;2;2;1;2;3;3;3;3;1;4;3;2;3;35;36;59;26;54;8;12;8;7;4;12;12;8;16;12;16;15;8;9;6;4;11;15;16;12;136;45;30;24;14;14;11;21
93;7.17.24 21:54:47;7.17.24 22:57:02;2;3;1702;1702;1944;3;2;1;2;3;2;1;2;3;3;1;1;1;1;1;2;4;3;1;2;2;2;3;2;2;4;3;2;3;3;1;1;1;2;1;1;2;2;1;1;1;1;1;1;1;2;4;2;4;1;3;1;1;2;1;1;4;2;3;3;4;3;2;2;4;1;2;1;4;3;4;1;1;3;1;2;4;3;4;2;3;2;2;1;1;2;4;1;1;1;35;28;27;29;33;10;13;6;6;7;7;4;10;7;6;8;6;10;10;4;7;8;7;4;14;108;32;26;8;12;14;8;24
94;7.17.24 21:38:38;7.17.24 23:02:54;1;2;NA;NA;600;3;3;2;3;3;2;4;2;1;3;2;1;2;2;3;2;3;3;3;1;2;1;4;4;2;4;4;3;3;3;2;4;1;3;2;1;1;1;2;4;2;3;1;2;1;4;1;3;1;1;4;4;3;2;3;1;1;4;4;4;4;4;4;3;2;1;1;1;1;4;3;2;4;4;4;1;4;3;1;1;3;4;2;4;4;1;4;4;2;4;41;41;50;37;44;11;15;10;5;11;9;10;11;12;14;11;13;8;11;12;7;11;13;11;9;110;35;19;18;18;12;14;47
95;7.17.24 18:13:38;7.18.24 0:16:44;1;3;1462;1446;1610;1;2;3;3;2;3;2;2;2;2;2;2;2;3;2;1;1;3;3;1;1;2;3;3;2;2;3;3;2;2;1;2;2;2;1;2;2;3;2;1;1;3;2;3;1;2;1;2;2;1;1;3;2;3;1;3;2;2;3;3;2;4;3;3;1;2;3;2;2;1;4;3;3;3;2;2;3;4;2;1;2;3;3;4;3;2;3;3;1;3;27;41;46;21;41;5;9;5;8;11;9;9;12;12;12;11;11;6;6;6;5;11;12;10;8;116;32;24;20;14;13;9;18
96;7.18.24 11:20:51;7.18.24 12:15:37;1;3;NA;NA;1694;3;4;2;2;4;3;1;3;4;3;3;1;2;1;1;2;3;2;1;3;1;1;4;3;2;1;1;3;4;4;3;2;2;1;2;1;1;2;2;3;1;1;1;3;4;2;4;1;4;1;4;1;2;1;2;2;3;1;4;2;1;1;3;2;3;3;1;1;3;4;3;3;2;1;2;4;4;2;3;1;2;1;1;1;1;3;2;2;2;2;34;33;28;39;29;6;7;12;9;10;8;8;7;10;5;4;9;13;12;7;10;7;4;7;11;121;43;22;17;10;15;10;43
97;7.19.24 9:33:54;7.19.24 10:06:42;1;3;1251;1251;1122;3;2;2;3;3;2;2;3;4;2;3;2;2;3;2;2;2;2;2;3;1;4;3;3;2;2;3;3;4;2;1;1;1;1;3;2;2;4;2;1;2;3;3;3;1;2;3;3;4;1;1;3;2;2;1;1;2;2;2;3;3;1;2;3;2;2;2;2;4;3;3;2;3;1;2;2;3;3;3;3;3;1;1;2;1;2;3;1;2;2;33;40;31;31;36;9;10;7;7;10;11;8;11;12;4;7;8;8;8;8;9;10;9;8;9;105;27;24;14;15;13;8;30
98;7.19.24 15:20:41;7.19.24 16:14:28;2;3;1600;1600;2110;1;1;1;4;1;4;3;3;2;1;1;1;1;1;1;1;1;1;3;1;1;1;3;4;1;1;4;3;2;1;1;1;1;1;2;1;2;3;2;1;1;2;2;4;1;1;3;1;1;1;1;1;1;3;1;1;2;4;3;4;1;2;3;3;4;4;2;3;1;2;1;4;1;3;1;1;3;4;2;2;1;3;3;2;4;1;1;4;4;3;19;35;48;21;32;4;4;7;4;9;10;4;12;15;14;8;11;7;5;5;5;6;11;7;8;141;39;28;21;8;8;5;17
99;7.19.24 23:19:27;7.19.24 23:57:00;1;1;1319;1151;854;2;2;2;4;1;3;3;3;1;2;1;2;3;3;1;1;2;3;4;1;1;1;3;4;2;2;3;2;1;1;2;3;2;3;2;1;3;4;4;1;1;1;1;4;1;2;2;2;1;1;1;2;1;4;1;1;3;2;3;4;1;3;2;4;1;2;4;3;1;1;4;3;3;3;3;3;4;4;1;2;2;4;4;3;4;1;3;4;1;4;25;40;60;21;42;5;9;5;6;8;10;9;13;16;16;13;15;5;5;7;5;7;13;10;12;134;38;26;21;7;10;8;18
100;7.22.24 13:53:38;7.22.24 14:19:07;1;2;2000;NA;2070;1;3;2;3;3;1;4;2;1;3;2;3;2;3;1;1;3;4;3;2;1;2;1;4;1;2;4;2;3;3;1;2;2;4;1;1;4;3;3;3;1;1;1;4;2;1;4;2;1;1;3;2;1;3;3;1;4;3;3;3;1;3;1;4;3;1;3;2;1;1;3;3;3;3;3;3;4;4;2;3;4;4;2;1;4;2;4;4;2;3;29;35;54;33;46;4;11;8;6;5;8;8;14;15;14;13;12;9;8;8;10;9;12;10;15;137;41;28;25;12;12;11;23
101;7.23.24 11:14:24;7.23.24 16:56:56;1;2;1890;1860;1750;1;1;2;3;3;2;2;3;2;3;1;1;2;3;3;1;2;2;2;3;1;1;2;3;1;1;2;3;3;2;1;1;1;3;2;1;1;2;3;3;1;1;1;3;3;2;2;2;2;2;1;1;2;3;1;1;2;2;3;3;1;1;2;3;3;4;3;3;3;3;4;2;1;3;3;1;3;3;1;2;3;3;2;3;3;2;1;2;1;4;19;33;46;37;27;4;7;4;4;7;11;6;9;12;10;12;12;10;10;9;10;4;10;5;8;124;35;21;19;9;10;6;35
102;7.26.24 22:27:13;7.26.24 22:53:38;1;3;NA;NA;1600;1;2;4;4;4;4;2;4;2;2;3;1;4;3;3;2;2;3;3;3;1;1;4;4;3;1;4;4;2;2;2;1;2;3;3;2;1;4;3;3;3;3;4;4;4;3;1;2;4;1;4;4;4;4;3;1;3;4;3;4;2;4;4;4;4;2;1;2;3;3;4;3;4;2;4;3;3;4;3;1;1;3;3;4;1;1;3;2;1;2;33;57;48;43;39;7;8;10;8;16;12;14;15;16;9;12;11;15;8;13;8;10;11;9;9;118;40;20;19;13;15;7;35
103;7.29.24 6:18:54;7.29.24 6:38:30;1;1;1050;1050;1050;3;3;2;3;2;2;4;2;3;2;2;3;3;2;3;1;2;3;2;2;3;3;2;4;2;2;3;2;2;3;2;4;2;3;3;2;2;2;2;2;2;3;1;3;2;2;1;2;2;1;2;2;2;3;1;2;2;2;4;3;2;4;2;3;3;2;4;2;2;3;4;4;3;3;3;3;4;2;2;3;3;2;3;4;3;2;3;3;1;3;35;34;46;35;51;10;10;7;8;7;8;10;9;13;11;11;11;9;9;10;9;13;15;13;10;110;38;24;11;13;13;11;43
104;7.31.24 11:10:30;7.31.24 11:49:04;2;3;NA;NA;2085;3;3;1;4;1;3;2;3;2;1;2;1;2;2;1;2;1;3;3;1;2;1;2;4;1;3;2;3;1;1;2;2;1;4;2;2;2;2;4;1;2;2;1;4;1;2;3;2;2;1;1;1;2;4;1;1;4;2;4;4;2;3;1;4;2;2;2;3;1;1;4;2;3;4;3;2;4;2;1;1;2;3;4;2;3;1;3;4;1;4;32;33;59;19;34;9;10;6;7;5;11;8;9;16;14;14;15;5;4;7;4;9;8;6;11;141;39;30;21;7;10;6;22
105;2008.01.24 0:10;2008.01.24 0:30;1;1;1100;1050;1300;3;4;3;3;1;3;2;4;2;1;3;1;1;3;3;2;1;4;3;1;3;3;4;4;1;3;2;4;2;1;3;2;2;3;2;3;2;4;3;1;2;2;2;4;3;3;3;3;1;1;3;2;3;4;2;2;4;3;4;4;2;3;4;4;2;2;2;4;2;2;2;2;4;3;2;3;4;4;1;2;2;3;3;2;4;1;3;3;3;4;43;53;55;25;38;10;11;12;10;13;15;10;15;15;13;13;14;7;5;9;5;12;8;7;11;105;33;13;13;10;9;9;26
106;2008.08.24 15:20;2008.08.24 16:19;1;3;NA;NA;2100;1;3;4;3;2;2;2;3;2;2;3;2;1;3;1;2;3;3;2;1;2;1;1;3;2;4;2;2;1;2;1;3;4;3;1;2;3;3;2;2;2;2;2;4;2;3;2;2;3;1;3;2;3;3;2;1;3;3;4;3;1;2;4;3;2;1;3;2;3;2;3;3;3;3;2;4;1;3;2;1;3;3;4;3;2;2;4;2;2;3;38;43;47;25;38;6;14;9;9;11;9;11;12;13;11;12;11;8;7;6;6;8;10;10;10;117;35;23;14;9;6;16;25
107;2008.08.24 16:46;8.15.24 12:47:01;1;3;NA;NA;1700;2;2;2;2;3;3;3;3;3;3;4;2;3;3;3;2;4;4;1;3;1;1;1;3;2;2;2;4;3;3;2;2;1;2;2;2;3;3;1;3;1;1;1;3;3;1;4;1;3;2;4;2;1;2;3;2;3;1;2;2;1;3;1;2;3;1;2;2;3;4;2;4;3;2;4;3;3;3;4;4;2;2;2;1;2;3;4;2;3;1;36;34;32;45;38;5;9;13;9;5;10;8;11;10;8;9;5;11;12;12;13;7;8;10;13;105;36;13;18;20;11;11;39
108;8.16.24 22:10:10;8.16.24 22:27:29;1;1;NA;NA;NA;3;2;1;2;2;2;2;4;3;3;2;1;3;3;1;2;2;3;2;2;2;1;2;2;4;2;3;4;3;2;2;1;2;3;2;1;2;3;3;3;1;1;1;1;2;1;2;2;3;1;1;1;3;3;2;2;4;2;3;3;1;2;3;2;1;1;1;1;2;3;2;2;3;3;2;3;4;2;3;2;3;2;2;3;2;2;4;3;3;2;33;39;38;32;32;7;10;8;8;7;11;11;10;7;9;12;10;9;9;7;9;6;9;5;12;121;34;22;16;14;9;6;23
109;8.22.24 15:10:24;8.22.24 15:36:56;1;3;1547;1345;1345;1;3;2;3;2;2;4;4;2;3;3;3;4;2;3;3;2;4;4;1;1;3;3;2;4;3;4;3;2;4;3;4;4;4;2;2;4;4;4;2;1;1;2;3;1;2;2;4;2;2;3;4;4;4;2;2;3;2;3;3;2;1;1;4;4;1;3;3;2;4;3;4;4;4;2;3;4;4;4;2;3;3;3;3;3;2;4;3;2;1;38;52;50;38;50;5;12;11;10;8;14;16;14;12;12;14;12;11;13;9;7;8;14;15;13;132;39;28;23;17;12;11;43
110;2009.08.24 10:22;2009.08.24 11:03;1;1;2050;NA;NA;1;2;3;4;2;4;2;3;2;1;1;1;3;3;2;1;2;3;3;2;1;2;2;3;2;2;2;3;2;1;2;2;3;4;3;2;1;4;4;2;1;1;3;2;1;2;2;3;2;1;1;2;3;4;1;1;2;4;3;3;1;4;3;3;1;4;3;4;2;2;4;2;3;4;3;1;4;4;1;2;1;3;3;3;3;2;1;3;1;4;20;51;53;26;35;4;6;5;5;11;13;12;15;12;12;15;14;6;5;9;8;9;10;7;9;125;37;23;18;10;9;8;37
111;9.25.24 21:57:20;9.25.24 23:06:01;1;3;1138;1078;1078;1;3;1;4;2;2;4;2;1;2;3;3;1;3;2;2;1;3;3;2;1;1;1;4;1;4;4;2;1;3;3;3;1;4;4;3;2;3;3;3;1;1;1;4;3;3;4;3;3;2;3;3;3;4;3;2;3;2;3;3;2;1;1;4;2;1;2;3;3;2;3;3;2;4;3;3;4;3;1;1;3;4;4;1;2;2;4;2;2;4;40;32;56;35;39;5;14;11;10;4;10;7;11;16;12;15;13;8;9;12;8;6;11;12;10;130;41;24;24;11;10;14;30
112;2010.03.24 8:35;2010.03.24 9:29;1;3;2225;1991;2123;3;1;1;4;1;3;3;2;2;1;2;1;2;2;1;2;1;3;2;1;2;1;1;4;1;3;2;2;3;1;2;1;1;3;1;2;1;3;2;1;3;1;1;3;1;2;3;2;2;1;2;1;1;3;3;1;3;3;3;4;1;3;1;4;1;1;1;3;2;1;1;3;2;3;1;2;3;3;2;1;2;3;2;2;3;1;4;3;4;3;37;31;47;17;28;9;11;10;7;4;9;6;12;15;11;11;10;4;4;6;4;6;8;6;8;128;34;28;16;7;10;7;23
113;2012.05.24 21:16;2012.05.24 21:46;3;3;2545;2460;2660;2;2;3;3;3;2;4;3;2;3;2;2;3;4;1;2;2;4;3;1;1;1;3;3;4;3;4;3;3;2;2;2;2;3;2;1;2;3;3;1;1;1;1;3;1;2;2;3;3;1;1;2;2;4;2;1;3;4;4;4;1;2;2;3;2;2;3;2;3;2;3;2;3;3;3;2;3;4;1;1;3;3;2;3;2;1;3;2;2;4;29;45;49;29;38;5;11;7;6;9;11;10;15;12;9;14;14;10;8;8;4;6;14;8;10;123;36;24;19;12;9;9;21
114;12.28.24 17:29:47;12.28.24 17:47:47;1;3;NA;NA;1700;1;2;2;3;2;2;3;4;3;2;2;1;2;2;2;2;3;2;3;2;1;1;2;3;2;2;3;3;3;3;2;2;2;3;2;2;1;2;2;2;1;2;2;2;3;2;2;2;3;2;2;2;2;3;2;1;3;2;3;3;1;2;2;3;2;2;2;2;3;3;3;2;2;3;3;2;3;2;2;2;3;2;2;3;2;2;3;2;2;3;29;35;41;34;35;4;10;8;7;8;11;8;8;11;8;11;11;9;10;9;8;7;11;7;10;99;27;18;15;15;12;12;34
115;12.28.24 17:31:57;12.28.24 18:05:55;1;3;NA;NA;2050;1;3;1;3;2;2;4;3;2;3;2;1;2;2;2;3;3;2;2;2;1;1;2;3;1;4;4;3;2;3;3;2;1;3;2;2;3;2;3;1;1;2;1;3;2;3;1;2;1;2;3;2;2;4;3;2;3;3;3;3;1;1;1;3;2;1;4;3;3;3;3;3;2;3;1;3;4;2;2;2;3;3;3;4;4;2;4;2;2;3;38;32;47;31;44;4;14;10;10;5;11;7;9;12;12;12;11;7;11;8;7;7;16;8;13;106;25;24;16;15;4;14;36
116;12.28.24 17:35:07;12.28.24 18:06:10;1;3;NA;NA;1975;1;3;3;3;2;4;3;4;2;3;1;1;1;2;1;1;2;3;2;2;1;2;4;3;2;3;1;3;3;3;1;1;1;3;2;1;2;3;3;2;1;2;3;3;1;1;2;2;2;1;2;3;1;3;2;3;3;3;4;3;1;3;2;3;2;1;2;2;3;3;4;2;3;3;2;2;4;3;2;1;1;3;2;3;3;2;4;2;1;3;25;41;45;29;37;4;9;5;7;12;11;6;12;12;10;11;12;7;10;7;7;10;9;7;11;129;41;25;17;10;12;8;26
117;12.28.24 17:28:25;12.28.24 18:07:45;2;3;1882;1882;1900;1;2;2;3;1;2;4;1;2;3;2;1;2;3;2;2;4;3;2;2;2;1;2;3;2;2;4;2;3;2;2;1;2;2;1;2;2;2;1;2;1;2;2;3;2;1;2;2;3;2;2;2;1;3;1;2;3;2;3;3;1;2;1;2;3;3;2;1;3;4;3;2;2;3;2;2;3;2;2;2;3;3;2;3;2;2;2;2;2;3;29;29;40;31;38;5;8;8;8;7;6;7;9;11;9;11;9;8;11;6;8;7;13;6;12;101;26;20;10;14;8;11;32
118;12.28.24 18:09:15;12.28.24 18:49:59;1;3;NA;NA;2050;1;1;1;2;3;2;2;2;3;3;2;1;1;2;3;1;3;2;1;4;1;1;1;3;4;4;3;2;4;4;1;3;1;2;3;1;2;2;1;4;1;1;1;3;4;3;2;1;4;1;2;3;1;3;2;1;2;2;3;1;1;1;1;1;3;1;1;2;3;4;3;2;3;3;3;3;3;2;4;3;3;2;1;3;1;4;4;2;2;1;31;25;31;48;32;4;14;7;6;4;7;6;8;9;6;10;6;14;12;11;15;4;9;9;10;117;40;21;19;13;13;13;49
119;12.28.24 18:14:02;12.28.24 19:03:39;1;3;2268;2238;2500;3;3;2;2;2;3;4;1;2;1;1;2;1;2;1;1;4;4;3;1;1;1;3;2;3;1;3;1;3;3;1;3;1;3;3;1;4;2;3;2;1;2;2;1;1;1;3;1;4;1;1;3;3;3;3;3;2;3;2;4;1;2;4;3;4;3;4;1;4;3;4;4;4;2;3;3;2;1;3;2;2;3;2;2;1;1;2;1;1;2;24;34;35;33;45;6;6;4;8;11;4;9;10;8;7;10;10;10;8;10;6;8;13;12;12;109;22;29;15;15;14;8;36
120;12.28.24 18:20:47;12.28.24 19:14:23;3;3;1788;1788;1910;3;3;3;4;2;2;4;4;3;2;1;3;2;3;1;1;2;3;3;1;2;2;4;3;2;4;4;4;2;2;1;4;1;3;1;1;3;4;3;1;2;2;3;4;2;3;1;4;1;1;1;4;3;3;1;3;3;4;3;4;2;4;4;4;2;1;3;4;1;2;3;4;2;4;1;3;4;4;2;1;3;2;3;4;4;1;4;4;2;3;36;53;53;22;53;9;14;5;8;14;16;8;15;15;13;13;12;8;7;4;4;11;15;15;12;130;40;27;23;11;13;10;30
121;12.28.24 18:47:15;12.28.24 19:18:50;1;3;NA;NA;1450;3;4;1;3;2;2;2;1;2;2;2;2;1;1;2;2;3;2;2;1;2;1;3;4;1;1;3;2;3;3;2;2;1;3;2;2;1;2;1;2;2;3;2;3;1;3;2;1;3;1;3;3;1;2;2;1;2;3;3;3;2;3;2;3;2;2;1;2;3;3;3;3;2;2;2;3;3;2;3;1;3;3;2;3;2;2;3;2;2;2;36;28;38;27;39;9;10;9;8;8;6;5;9;13;9;8;8;6;9;8;6;11;9;10;9;112;31;22;17;11;12;11;29
122;12.28.24 22:16:57;12.28.24 22:49:59;1;3;1901;1901;2550;1;2;3;4;2;2;4;4;2;1;2;1;2;3;2;1;2;3;4;1;1;2;3;4;2;3;4;3;2;1;3;3;2;3;3;1;2;4;3;1;1;3;2;3;1;3;1;2;3;1;3;2;2;3;2;2;3;3;3;4;3;4;2;4;1;2;2;3;3;2;4;2;3;3;2;3;3;3;1;2;3;3;3;4;2;1;3;2;1;4;34;44;51;24;43;6;12;9;7;10;12;9;13;15;10;12;14;6;5;9;5;11;14;8;10;130;40;25;19;12;10;8;26
123;12.28.24 22:55:15;12.28.24 23:51:31;3;2;1550;1550;1670;3;1;1;3;3;1;2;2;2;3;3;1;2;3;1;2;4;2;4;1;1;1;3;4;3;1;3;3;3;3;2;1;2;4;1;2;2;3;3;1;1;1;1;4;2;2;2;2;2;2;3;2;2;4;2;2;3;3;4;4;2;4;2;4;4;4;3;3;2;3;3;3;3;3;3;4;4;2;2;1;4;3;2;3;3;1;1;3;2;3;35;36;54;33;38;7;8;10;10;7;10;9;10;15;11;14;14;12;11;7;4;7;11;7;13;112;42;22;16;11;17;14;47
124;12.31.24 1:37:48;12.31.24 2:30:22;2;3;NA;NA;1700;3;2;2;3;2;3;4;3;2;3;1;3;2;3;2;1;3;3;2;2;1;2;2;3;2;3;4;2;2;2;2;3;2;3;2;1;3;3;3;3;1;3;1;3;2;2;1;2;2;1;2;2;2;3;1;2;2;2;4;3;2;3;2;3;2;1;3;2;2;3;4;2;2;3;2;2;3;2;2;3;2;3;3;4;3;2;4;3;1;3;30;34;48;32;46;7;11;6;6;7;9;8;10;12;12;12;12;8;9;7;10;10;15;10;11;117;32;24;19;12;11;11;19
125;2001.01.25 18:56;2001.01.25 19:19;1;3;NA;NA;1500;1;3;2;4;2;2;3;2;2;3;2;1;2;2;2;1;1;2;2;3;2;2;2;3;2;2;2;2;3;3;2;3;1;1;3;1;2;2;2;3;2;1;1;3;1;2;2;2;3;1;1;1;1;2;3;1;2;2;2;3;2;3;2;2;3;2;2;1;3;3;3;2;4;2;3;2;2;2;3;2;3;3;2;3;2;2;3;2;2;2;29;30;36;37;33;7;10;7;5;7;7;8;8;12;9;7;8;8;10;11;10;9;10;7;7;117;31;20;17;15;5;9;47
126;2001.02.25 11:36;2001.02.25 12:00;2;1;2008;1950;1900;2;1;2;2;2;2;3;2;2;3;3;2;1;1;1;3;2;4;2;2;2;1;2;2;3;3;4;2;3;3;3;1;1;3;3;3;2;2;1;3;1;1;2;1;2;1;3;1;3;2;3;2;1;4;3;1;2;2;3;3;1;1;1;1;3;1;2;2;4;3;3;2;2;3;2;3;3;2;4;2;3;3;2;2;2;2;4;1;2;1;38;29;32;37;31;6;11;11;10;7;7;5;10;6;8;11;7;10;11;9;9;4;11;7;9;97;30;15;15;17;13;13;47
127;2001.02.25 10:58;2001.02.25 12:04;1;3;NA;NA;1526;3;1;1;4;2;2;1;1;4;3;2;1;2;2;1;2;3;2;1;1;1;1;1;3;3;2;1;1;4;2;2;1;1;3;2;2;1;4;1;1;1;2;1;3;2;3;4;1;3;1;2;2;1;3;1;1;2;3;2;4;1;1;2;2;2;2;1;1;3;3;3;3;3;2;2;3;2;3;1;1;3;1;1;1;2;1;3;2;2;4;33;28;36;27;24;6;11;8;8;5;4;7;12;12;6;10;8;9;9;6;4;5;4;7;8;114;30;26;15;10;15;6;25
128;2001.02.25 11:30;2001.02.25 12:15;1;3;1612;1612;2158;2;1;2;2;3;3;4;4;1;3;2;2;2;1;2;1;3;3;2;3;1;2;2;2;3;1;4;4;2;3;1;3;2;3;4;1;2;3;3;3;2;1;2;3;3;2;2;1;1;1;2;3;2;2;3;1;3;3;3;2;1;3;2;2;3;2;3;1;2;3;3;3;2;2;1;3;4;4;2;4;2;4;3;3;4;3;3;3;2;3;27;39;42;42;44;6;8;7;6;8;10;8;13;9;14;8;11;12;10;10;13;7;14;11;12;128;43;23;18;11;11;10;29
129;2001.02.25 12:47;2001.02.25 13:30;1;3;1700;NA;1650;1;2;1;3;2;1;2;1;2;2;1;2;2;4;2;2;2;3;3;2;2;1;1;3;2;3;3;2;2;3;2;3;2;3;3;1;3;3;1;2;2;1;2;3;3;2;2;2;2;1;2;4;2;3;2;3;2;3;4;4;2;1;3;2;3;1;3;2;2;3;3;3;2;2;2;3;3;3;3;4;4;3;3;3;3;1;4;3;2;2;36;34;45;36;38;7;13;7;9;7;7;8;12;11;12;12;10;10;9;9;9;5;11;12;10;122;34;23;19;14;13;7;28
131;2001.02.25 14:26;2001.02.25 14:58;3;3;2360;2075;1915;1;1;1;3;1;3;2;4;1;3;1;1;1;3;1;1;3;1;3;4;1;1;1;3;1;1;1;1;1;2;1;1;1;3;1;1;1;1;3;3;1;1;1;3;3;2;1;3;1;1;1;1;1;3;1;1;3;2;3;3;1;1;1;3;3;2;1;1;1;3;1;1;1;3;3;1;3;1;1;3;2;4;4;4;4;2;3;4;4;4;23;22;53;33;26;4;8;7;4;4;9;4;5;12;16;12;13;8;9;6;12;4;8;4;10;126;29;25;21;7;9;7;21
132;2001.02.25 15:02;2001.02.25 15:34;1;3;NA;NA;1675;2;2;2;3;2;3;3;2;2;2;1;1;1;2;3;1;2;3;2;2;2;2;3;3;2;4;3;2;3;3;2;3;1;3;3;1;2;4;3;2;2;2;2;3;3;1;2;2;2;1;3;4;4;3;2;2;2;3;3;3;1;2;2;2;2;2;2;2;3;3;4;2;3;2;3;4;3;3;3;3;2;3;2;3;3;2;3;2;1;2;32;39;41;36;38;7;10;7;8;9;8;9;13;11;10;10;10;9;9;11;9;8;11;10;9;109;32;19;16;15;12;9;37
133;2001.02.25 17:19;2001.02.25 18:03;1;3;1860;1860;2250;1;2;3;3;3;3;2;3;1;3;1;1;3;4;2;1;3;3;2;3;1;1;4;3;4;3;2;3;3;3;1;3;1;3;2;1;2;3;3;4;1;1;1;4;4;1;3;2;3;4;2;2;3;4;2;1;3;3;3;2;1;3;3;2;4;2;2;3;3;4;3;1;3;4;3;3;4;4;2;3;2;4;2;2;2;3;3;2;2;3;25;45;48;48;34;4;9;6;6;11;11;10;13;12;10;15;11;15;14;9;13;7;8;7;12;113;39;21;20;16;15;14;56
134;2001.02.25 17:09;2001.02.25 18:20;1;3;1700;1700;1583;1;2;2;4;1;3;3;3;3;2;3;1;1;1;1;1;2;3;2;1;1;1;1;4;1;4;2;3;3;1;1;2;4;3;1;1;1;3;1;1;1;1;1;4;1;1;3;2;2;1;2;3;1;3;2;1;3;2;3;4;1;3;1;3;2;2;2;2;3;3;4;2;2;2;1;2;3;2;2;2;2;2;2;2;3;1;3;2;1;3;26;33;42;21;33;4;10;7;5;5;10;8;10;15;9;9;9;5;7;5;5;7;9;8;9;103;20;20;17;11;15;4;26
137;2001.02.25 20:54;2001.02.25 22:07;2;3;2034;1871;1823;1;2;2;2;3;4;2;1;3;3;1;1;1;1;3;1;2;3;1;3;1;2;2;2;3;2;3;2;4;3;2;1;1;2;3;1;2;2;2;3;1;4;1;2;3;2;3;1;4;2;2;2;2;1;1;2;2;1;3;2;2;4;1;1;2;2;2;1;4;3;1;2;2;2;3;1;3;2;4;4;1;2;1;2;1;3;3;1;4;1;27;25;25;42;36;5;8;9;5;6;5;6;8;7;5;6;7;11;11;10;13;12;9;6;9;109;31;19;15;18;9;7;29
138;2001.02.25 23:52;2001.03.25 0:27;1;3;1350;1350;969;1;2;1;3;3;3;2;2;1;4;2;1;3;2;1;1;2;2;2;2;1;1;1;3;4;4;3;2;3;4;2;3;1;3;4;1;1;3;1;3;1;1;1;3;2;1;3;1;1;1;1;3;1;3;3;3;4;2;2;4;3;2;1;3;2;1;1;2;1;4;4;1;3;3;3;1;4;1;3;1;2;4;2;2;4;1;4;4;1;2;29;27;44;41;33;6;11;6;6;4;7;8;8;12;14;11;7;11;13;11;7;6;8;8;11;128;36;26;23;16;9;12;36
139;2001.03.25 3:18;2001.03.25 3:58;1;2;1300;1300;1500;1;3;1;4;2;4;3;3;3;1;1;1;1;1;1;1;2;3;2;1;1;1;4;4;3;1;3;3;3;2;1;1;1;3;3;1;3;4;2;2;1;1;1;3;1;1;3;2;2;1;1;1;1;3;2;1;2;3;3;4;1;3;3;3;2;2;4;3;2;3;4;2;3;2;3;3;3;3;4;2;1;2;2;2;3;1;3;3;1;1;20;39;41;29;35;4;6;4;6;9;11;6;13;14;10;9;8;8;7;9;6;8;12;5;10;126;37;23;20;12;12;6;22
140;2001.02.25 18:29;2001.03.25 13:05;1;2;NA;NA;1100;2;3;1;4;3;3;4;2;3;2;3;2;2;3;2;3;1;3;3;2;2;2;2;3;3;3;3;2;3;3;3;3;2;3;2;3;2;3;3;3;3;2;2;3;4;3;1;3;2;2;3;3;2;2;3;3;3;4;4;3;2;3;3;3;3;2;2;3;2;2;3;2;3;3;3;2;3;3;2;2;2;2;2;4;3;2;3;3;2;3;42;40;47;39;42;9;11;11;11;8;10;9;13;13;10;11;13;13;9;10;9;10;13;10;9;108;36;22;16;15;12;15;51
141;2001.03.25 10:29;2001.03.25 13:15;2;3;1672;1672;1704;4;1;4;3;2;3;3;3;4;1;3;1;2;2;1;3;1;1;2;1;2;3;1;4;1;1;2;3;3;2;3;3;1;3;1;2;4;3;1;1;2;1;1;3;1;2;2;3;3;1;1;4;3;3;1;2;2;2;3;4;2;1;2;2;2;2;4;3;3;3;4;2;4;3;1;1;3;2;3;1;2;1;2;3;2;1;3;2;1;2;34;38;38;20;38;10;8;8;8;8;12;10;8;12;7;11;8;6;7;4;4;6;12;10;10;121;35;27;17;13;11;12;26
142;2001.03.25 15:02;2001.03.25 15:39;2;3;2048;2004;2197;2;2;3;4;2;4;3;3;3;2;1;1;3;2;2;2;1;4;3;1;1;3;3;3;3;2;2;4;4;2;2;2;4;2;3;2;2;4;3;2;2;3;3;3;3;1;3;4;4;1;1;2;3;3;2;1;2;4;3;4;1;1;2;4;4;1;1;4;3;2;4;3;1;3;3;3;3;4;2;3;1;2;1;2;1;1;4;2;1;3;27;53;42;35;33;6;8;5;8;11;15;11;16;14;6;10;12;12;7;10;7;9;8;8;8;134;41;26;21;12;12;6;37
143;2001.03.25 16:23;2001.03.25 17:27;3;3;1825;1825;1804;4;4;2;3;3;3;3;2;2;3;1;1;1;3;3;1;4;3;3;3;2;3;3;3;2;3;3;2;3;3;1;4;2;3;2;1;1;3;1;2;1;3;1;3;1;1;2;2;3;2;1;3;2;4;1;4;2;1;3;3;3;3;2;3;4;1;3;1;3;3;4;3;2;3;2;1;3;3;4;3;2;3;2;3;2;2;4;2;1;1;31;32;42;37;46;10;10;4;7;8;7;7;10;12;9;13;8;10;11;8;10;13;12;11;10;108;31;22;18;17;10;12;46
144;2001.03.25 18:24;2001.03.25 19:22;1;2;NA;NA;1500;2;2;2;3;1;3;2;2;3;3;2;2;2;2;2;2;2;3;2;1;1;1;3;3;2;4;3;2;3;2;2;2;2;3;3;2;2;3;2;2;2;3;3;3;2;3;2;2;2;1;3;2;2;3;1;1;2;4;3;3;3;3;2;3;3;1;2;2;2;2;3;3;3;3;2;2;4;4;2;1;2;2;2;3;3;2;4;3;2;3;37;41;43;28;38;8;13;9;7;10;8;9;14;12;10;11;10;8;8;8;6;9;10;9;10;121;32;22;19;9;9;10;53
145;2001.04.25 19:15;2001.04.25 19:42;2;3;2310;2203;2490;3;4;3;4;1;2;4;4;3;3;4;3;3;4;2;3;3;4;3;1;3;3;3;3;3;4;4;4;2;2;4;4;4;4;3;3;3;4;4;2;3;3;3;4;3;3;3;4;1;1;4;3;3;4;3;1;3;3;4;4;3;3;1;3;2;1;3;4;1;3;3;4;4;3;4;3;4;4;1;2;3;2;3;2;4;1;4;4;2;4;50;55;57;35;53;12;14;14;10;10;16;14;15;14;13;15;15;9;9;12;6;13;13;14;13;121;38;24;20;13;12;12;49
146;2001.05.25 23:51;2001.06.25 0:48;1;3;NA;NA;1000;2;3;2;2;4;1;4;2;3;3;2;1;2;2;1;2;4;4;1;2;2;3;1;2;4;3;4;2;3;3;1;3;2;4;2;2;3;2;1;2;2;1;1;2;2;2;1;3;2;1;2;4;2;4;1;3;3;2;2;2;2;4;1;2;4;1;4;1;2;3;4;4;4;3;2;2;4;3;3;2;4;2;2;4;3;3;4;3;1;2;36;34;37;36;53;8;13;6;9;5;8;10;11;8;10;13;6;14;10;6;9;11;16;12;14;112;31;27;18;16;15;11;27
147;2001.06.25 22:31;2001.06.25 23:21;1;1;1200;1128;1128;1;1;3;3;3;2;2;3;2;3;3;2;3;3;1;3;3;3;2;1;1;1;3;3;3;3;3;3;3;3;3;2;2;3;1;2;1;2;3;2;1;1;2;3;3;2;4;3;3;1;3;2;3;3;3;1;2;2;3;3;1;1;1;2;4;1;1;2;2;3;3;2;3;2;3;3;4;2;3;2;3;3;2;1;2;2;4;3;2;2;36;40;42;36;29;4;12;11;9;9;11;11;9;11;10;11;10;13;10;8;7;4;7;8;10;112;37;22;18;15;13;13;30
148;2001.09.25 17:13;2001.09.25 18:12;1;3;NA;NA;1804;2;2;1;3;3;2;2;1;3;2;2;1;1;3;2;2;3;2;2;2;1;1;2;3;2;2;3;1;3;2;3;1;1;3;2;2;2;2;2;3;1;1;1;3;3;1;3;1;3;1;2;3;1;3;4;2;2;2;1;3;1;1;1;2;3;2;2;2;3;3;3;2;2;3;2;3;3;1;2;2;3;2;2;2;2;2;3;2;2;3;32;22;39;36;31;5;9;9;9;5;5;5;7;11;8;12;8;11;8;10;9;5;9;7;10;118;40;18;17;15;11;9;39
149;2001.10.25 19:20;2001.10.25 20:43;1;2;NA;NA;1467;3;4;2;2;4;2;2;1;2;3;4;3;2;3;4;4;4;2;3;3;2;1;2;2;2;4;4;2;3;3;4;3;2;4;3;4;1;3;2;3;2;2;1;3;3;3;2;1;3;1;4;4;1;4;4;1;1;2;4;3;3;3;2;3;4;1;1;1;3;4;2;2;2;3;4;3;3;2;2;3;3;3;2;3;2;2;4;2;3;3;51;28;45;48;41;10;14;15;12;7;5;7;9;10;9;14;12;13;11;15;11;10;10;12;9;109;42;17;16;12;12;16;62
150;2001.12.25 0:26;2001.12.25 1:51;1;2;1844;1844;2114;2;1;2;3;2;3;4;2;3;3;2;2;1;2;2;2;1;3;2;2;2;1;2;3;1;3;4;3;3;3;2;1;1;3;2;1;2;4;2;3;2;2;1;3;2;3;1;2;3;1;3;1;1;2;3;3;3;3;3;3;1;2;2;2;2;2;1;1;3;3;3;2;1;2;2;3;2;3;3;3;2;2;2;4;2;2;3;2;2;2;36;32;37;34;33;7;11;9;9;7;8;4;13;11;8;9;9;7;10;9;10;6;13;6;8;120;40;23;20;17;14;8;35
151;2001.12.25 3:06;2001.12.25 3:12;1;3;NA;NA;1414;1;3;2;4;1;4;1;3;2;2;1;1;3;1;4;1;1;4;2;3;1;2;2;4;1;1;1;3;3;2;1;1;2;3;2;1;1;4;2;3;1;1;1;3;3;1;4;3;2;1;1;3;1;3;1;1;1;3;1;4;1;1;1;3;3;4;2;4;3;1;4;3;2;3;2;1;2;4;4;2;1;3;2;1;3;1;1;2;1;1;16;42;40;31;25;4;4;4;4;6;13;8;15;14;10;10;6;8;6;9;9;7;5;8;5;126;40;29;18;14;17;6;24
153;2001.12.25 2:52;2001.12.25 3:22;1;3;NA;NA;1896;1;3;1;3;2;4;3;2;3;2;1;1;1;1;1;1;2;2;3;1;1;3;2;3;2;3;1;2;3;2;2;2;1;3;3;1;3;1;2;2;1;3;1;4;2;1;3;2;3;2;1;2;3;3;1;1;3;1;3;3;1;3;3;3;2;1;3;3;3;2;4;2;4;3;3;2;3;1;2;2;1;2;2;2;2;2;4;2;1;3;23;30;42;29;39;4;9;5;5;7;9;9;5;13;8;10;11;8;8;8;7;12;9;7;11;119;42;28;15;17;15;10;34
155;2001.12.25 3:11;2001.12.25 3:42;1;3;982;982;1480;4;3;3;3;3;3;4;4;2;3;2;2;2;2;2;2;2;4;3;1;3;3;4;3;3;3;3;3;3;3;3;3;2;3;2;2;3;4;3;2;2;3;2;2;2;2;1;3;2;2;2;2;2;3;2;2;3;4;3;3;3;3;1;3;1;1;3;3;2;3;3;3;3;3;3;3;3;4;3;2;2;3;2;4;3;2;4;3;2;2;41;48;44;34;47;12;11;9;9;10;13;9;16;11;11;11;11;9;11;9;7;12;14;10;11;120;36;24;19;14;14;11;28
156;2001.12.25 3:09;2001.12.25 3:43;1;3;500;351;662;3;2;2;3;2;1;3;2;2;3;3;3;1;2;1;2;2;3;1;2;3;3;1;3;1;4;3;3;2;2;4;3;1;4;2;2;2;2;1;2;2;4;1;3;2;4;3;1;2;1;2;3;1;4;1;1;3;1;3;3;4;3;1;2;2;1;3;1;2;4;3;3;3;3;3;3;4;3;3;1;4;3;3;2;3;2;4;3;2;2;47;27;43;29;46;12;16;11;8;5;7;6;9;11;12;13;7;7;10;7;7;12;11;12;11;110;31;22;19;14;15;11;35
157;2001.12.25 3:19;2001.12.25 3:46;1;3;NA;NA;1250;3;2;1;4;2;3;2;2;1;3;2;1;1;1;1;2;1;3;3;1;1;1;3;3;1;3;3;2;3;1;2;2;1;2;3;1;2;3;2;1;1;3;1;3;2;2;4;3;3;1;2;1;1;2;1;2;1;4;4;4;2;1;1;3;2;1;1;3;3;3;3;2;2;3;1;4;2;3;3;3;2;4;2;1;2;1;4;2;2;2;35;34;42;26;26;7;11;8;9;6;10;5;13;13;10;8;11;7;8;6;6;7;7;6;6;122;38;29;21;12;17;11;16
159;2001.12.25 3:12;2001.12.25 3:48;1;2;1541;1541;1353;2;2;3;2;4;1;1;4;4;4;3;3;2;4;1;2;3;2;2;3;1;1;2;2;3;3;2;3;4;3;4;2;2;4;2;2;3;2;2;3;2;2;2;2;3;3;4;2;4;1;3;2;3;3;4;2;4;1;2;3;2;3;4;2;4;1;2;3;4;3;2;3;3;4;2;3;4;2;4;4;4;1;1;1;1;2;4;1;3;1;43;40;34;44;38;7;14;13;9;11;12;10;7;8;4;15;7;14;11;9;12;8;6;10;14;114;37;21;21;20;11;14;36
160;2001.12.25 2:58;2001.12.25 3:50;1;3;NA;NA;1783;3;3;2;1;3;2;2;2;2;3;3;1;2;1;1;2;4;4;1;3;1;3;3;3;2;1;3;2;2;4;2;2;1;4;4;3;2;4;1;3;1;3;2;2;2;1;3;2;3;2;2;2;1;3;3;2;3;3;3;1;1;4;3;2;3;3;2;2;3;3;4;3;2;2;2;3;3;3;4;2;3;3;3;2;2;4;2;2;1;1;31;38;34;40;42;6;7;8;10;10;8;6;14;8;10;10;6;10;12;10;12;13;9;8;12;132;43;23;21;15;8;12;33
162;2001.12.25 3:24;2001.12.25 3:57;1;3;1790;1600;1600;4;4;1;3;3;3;4;2;3;4;2;1;1;2;3;2;4;2;2;3;2;3;2;3;3;4;4;2;3;4;2;1;1;1;4;1;3;3;1;4;3;1;1;1;2;3;2;1;3;2;2;2;1;4;4;2;4;1;3;3;4;4;1;2;3;1;3;1;3;4;3;2;3;3;3;3;3;2;4;4;2;2;2;3;2;2;4;2;2;1;42;25;34;50;46;13;13;8;8;5;6;6;8;9;8;10;7;11;14;14;13;12;14;6;14;117;38;22;19;17;11;14;58
163;2001.12.25 3:31;2001.12.25 4:03;2;3;1441;1405;1500;1;1;1;3;2;2;3;3;2;2;2;1;2;3;2;2;2;3;3;1;2;3;3;3;2;2;3;3;2;1;1;2;2;3;3;2;2;3;3;2;1;2;2;3;2;2;2;2;3;2;2;2;2;3;3;1;3;3;4;4;1;2;1;3;1;2;3;2;2;3;3;2;2;3;3;2;3;3;3;1;3;3;3;3;2;1;3;3;2;2;29;37;47;30;37;5;10;7;7;7;10;8;12;12;11;12;12;7;8;11;5;8;12;7;10;117;33;24;18;13;13;8;21
164;2001.12.25 3:30;2001.12.25 4:04;1;3;1200;1000;1159;2;3;4;2;3;1;4;4;3;4;3;3;3;3;3;2;4;3;3;4;4;4;2;3;1;3;4;4;4;4;4;4;3;3;4;3;3;4;1;1;2;2;3;3;4;3;1;3;4;3;3;2;3;4;2;2;3;3;3;4;3;4;2;4;3;3;3;3;4;4;1;3;2;3;3;3;3;3;3;3;4;2;1;4;1;1;2;1;4;2;47;49;39;46;53;11;12;14;10;11;14;11;13;12;5;13;9;11;15;12;9;13;15;12;13;99;27;18;15;15;12;12;48
165;2001.12.25 2:51;2001.12.25 4:11;3;3;1550;1490;1540;3;2;1;3;3;2;2;2;1;3;3;1;2;2;2;3;4;2;2;2;2;1;3;3;2;3;2;2;1;2;2;2;2;3;3;3;1;4;1;3;3;1;1;3;2;4;3;2;4;2;4;3;3;4;3;2;2;1;3;2;3;1;1;2;4;1;2;3;4;3;2;3;3;3;3;1;3;3;2;2;3;4;4;2;1;3;4;1;3;3;46;35;42;39;32;11;14;12;9;6;9;10;10;11;10;12;9;11;10;11;10;5;8;9;10;103;37;17;22;18;15;16;65
167;2001.12.25 3:21;2001.12.25 4:25;1;3;NA;NA;1815;1;1;1;3;3;2;3;3;2;3;3;1;3;2;2;2;2;3;3;3;2;1;1;3;3;1;3;3;3;3;1;1;2;3;3;2;1;3;2;3;1;1;1;4;3;2;2;2;3;2;3;3;2;2;2;1;3;2;3;3;1;2;2;3;1;3;1;2;3;3;3;3;2;2;2;2;3;3;3;3;3;3;2;3;2;2;2;2;2;2;29;35;41;39;32;5;8;9;7;5;10;9;11;13;9;9;10;10;11;9;11;5;10;8;9;111;34;19;17;15;12;10;33
168;2001.12.25 4:05;2001.12.25 4:26;1;3;538;522;522;4;4;4;3;2;1;4;4;4;2;4;4;4;4;1;4;2;4;3;1;3;1;4;4;4;4;4;4;2;2;3;4;3;3;4;4;4;4;3;2;1;3;4;4;2;3;1;4;3;2;3;4;3;4;3;1;4;4;4;4;4;4;4;4;3;1;4;4;4;2;1;1;3;3;4;4;4;4;4;1;4;1;3;4;2;1;4;1;4;1;54;61;47;35;55;12;15;14;13;16;16;13;16;15;7;14;11;11;8;12;5;12;16;13;14;114;43;22;25;15;17;20;70
169;2001.12.25 4:07;2001.12.25 4:28;1;3;NA;NA;2000;2;2;1;2;3;2;4;4;3;3;2;1;2;3;4;2;4;1;2;2;1;1;1;3;2;4;4;4;4;3;1;2;1;3;3;1;2;2;2;3;1;1;1;3;3;1;2;2;4;1;2;2;1;4;1;3;2;1;3;2;1;3;1;2;3;1;2;1;4;3;3;2;2;3;2;3;4;2;3;4;3;2;1;3;1;3;4;1;2;2;33;27;37;40;39;5;12;7;9;4;11;6;6;10;5;13;9;11;10;10;12;7;13;7;12;111;32;20;19;15;12;9;48
170;2001.12.25 4:00;2001.12.25 4:33;1;3;NA;NA;650;1;2;4;3;3;4;3;4;3;2;1;2;3;3;1;1;4;4;2;4;1;1;3;3;2;4;2;3;3;2;1;1;1;4;4;1;4;4;1;3;1;1;3;3;3;1;3;4;3;1;3;3;2;4;3;1;2;4;1;3;1;3;2;2;3;1;4;3;4;3;4;1;3;4;3;3;3;3;3;4;1;2;2;2;2;2;4;1;1;2;26;50;39;41;38;4;10;6;6;12;14;9;15;11;7;15;6;11;8;11;13;7;11;7;13;108;33;18;21;17;12;11;34
171;2001.12.25 3:21;2001.12.25 4:47;1;1;NA;1200;1600;3;3;3;4;2;3;3;2;1;1;1;1;1;2;4;1;1;4;3;1;2;2;3;4;1;1;1;2;3;1;1;1;2;3;1;1;2;4;3;2;2;1;3;2;1;1;3;2;1;1;1;1;2;3;1;1;2;4;4;4;2;3;3;3;2;2;3;2;1;1;3;2;2;3;1;1;4;4;1;2;2;4;2;2;4;1;3;4;2;4;25;43;52;22;32;9;7;5;4;12;8;7;16;13;14;11;14;6;4;7;6;9;9;5;9;140;41;28;21;8;10;6;17
172;2001.12.25 4:25;2001.12.25 4:53;1;2;1528;1528;1740;2;2;2;2;2;2;1;2;3;3;1;1;2;2;2;1;2;3;1;2;1;1;1;2;3;1;3;2;4;2;1;1;2;4;2;1;2;3;1;2;1;2;1;3;2;2;4;2;4;1;1;2;2;3;1;3;2;2;2;2;2;3;2;1;3;4;2;2;4;3;4;2;3;2;2;4;3;2;4;3;3;2;1;1;1;3;1;1;1;1;26;33;29;33;30;6;7;4;9;6;8;9;10;8;5;11;5;10;9;7;10;8;7;6;9;113;36;24;16;20;16;7;34
174;2001.12.25 4:04;2001.12.25 4:56;2;3;1693;NA;1479;3;2;2;4;1;3;4;4;1;3;4;2;1;4;1;4;4;4;3;1;1;4;1;3;1;3;3;3;1;3;1;4;3;3;1;3;4;4;3;3;3;4;1;4;3;1;3;3;1;3;2;3;3;4;2;1;3;4;3;4;1;3;1;3;2;2;4;2;3;3;2;3;3;3;3;4;4;4;2;4;2;4;4;2;4;1;3;2;3;3;39;43;54;34;53;8;9;10;12;5;12;10;16;14;14;14;12;7;12;7;9;13;13;12;15;127;39;28;25;9;14;16;24
175;2001.12.25 4:40;2001.12.25 5:02;1;3;1500;NA;1300;2;1;3;3;4;3;4;1;1;3;2;3;1;2;2;1;3;3;2;3;3;2;3;3;2;2;3;2;2;3;3;2;2;2;2;2;2;2;2;3;2;2;2;3;3;2;4;1;3;3;3;3;3;4;2;2;3;1;3;4;2;3;4;2;3;3;3;3;4;1;3;1;3;2;1;2;4;3;4;3;2;4;3;1;2;1;2;1;2;1;34;37;39;38;40;9;8;10;7;12;7;9;9;11;10;10;8;12;10;7;10;8;11;9;12;101;37;11;16;16;13;14;53
176;2001.12.25 4:12;2001.12.25 5:08;1;3;NA;NA;1050;1;1;1;3;2;2;4;3;3;3;1;3;4;2;1;2;2;3;2;1;2;3;1;3;1;3;4;3;2;2;1;2;3;3;3;1;4;3;2;1;1;3;2;2;1;3;1;2;2;1;1;3;3;3;1;1;4;2;3;3;1;3;1;3;1;1;4;2;2;3;3;1;3;3;4;2;4;3;4;1;3;2;3;4;3;2;4;3;2;1;29;39;41;26;49;5;13;5;6;5;10;13;11;11;11;11;8;5;9;9;5;10;16;9;14;130;39;26;23;19;10;5;39
177;2001.12.25 4:28;2001.12.25 5:20;1;3;NA;NA;2000;2;1;2;3;2;2;3;3;2;3;1;2;3;1;3;1;4;3;1;2;2;1;2;3;3;2;3;2;2;3;2;2;1;3;3;1;3;3;1;2;1;1;1;3;3;3;3;1;4;2;3;1;2;2;2;2;4;2;2;3;1;1;1;2;2;2;2;1;4;3;3;2;2;2;2;4;4;3;4;2;3;3;3;2;1;2;3;1;2;1;33;32;32;37;36;6;11;8;8;6;7;8;11;11;8;8;5;10;11;10;8;4;10;7;15;93;28;12;13;13;14;11;53
178;2001.12.25 3:58;2001.12.25 5:22;1;3;NA;NA;2005;1;2;1;3;1;4;1;4;1;3;3;1;2;2;1;3;4;2;2;3;1;2;1;2;3;4;2;4;4;4;2;3;1;4;1;4;4;1;2;3;1;1;1;2;3;1;2;2;4;4;3;2;2;3;4;1;4;1;1;2;1;1;1;3;4;1;4;2;4;3;2;1;2;3;1;1;4;1;3;2;1;4;1;3;1;3;4;1;3;2;34;28;36;40;39;4;10;11;9;4;12;7;5;10;7;12;7;11;14;7;11;6;10;7;16;121;44;16;23;19;9;14;65
182;2001.12.25 5:27;2001.12.25 6:04;1;3;NA;NA;1500;4;3;3;2;4;1;3;4;4;4;4;1;3;2;2;1;3;4;3;4;2;3;4;2;4;2;3;3;4;4;3;3;2;2;3;3;2;4;2;4;3;3;2;3;2;1;2;3;4;4;3;4;2;3;4;1;2;4;4;2;3;3;2;2;4;3;2;4;4;4;4;2;3;2;4;4;2;4;4;4;4;1;1;3;1;3;2;1;1;1;41;51;32;55;42;12;9;11;9;11;14;10;16;9;4;9;10;14;16;13;15;12;11;10;9;89;29;18;17;20;16;19;58
184;2001.12.25 5:43;2001.12.25 6:20;1;3;NA;NA;916;2;2;2;3;3;3;3;4;3;3;3;2;2;1;2;2;2;3;2;3;2;1;2;3;2;3;4;4;3;3;3;3;2;2;3;3;3;4;2;4;3;1;3;3;4;3;2;4;2;3;3;4;2;2;3;2;4;4;2;3;2;1;4;3;3;3;3;3;3;2;3;2;2;3;3;3;4;2;2;2;2;2;2;3;3;2;2;2;2;3;40;47;38;43;42;9;10;11;10;11;15;8;13;12;9;8;9;12;11;11;11;5;13;11;13;110;36;22;18;16;14;16;56
185;2001.12.25 5:33;2001.12.25 6:28;1;3;1800;1800;1634;4;3;2;3;3;2;3;3;2;3;3;1;3;2;2;3;3;3;2;3;3;2;2;3;3;3;3;3;2;3;3;2;3;2;3;3;2;3;2;3;3;2;2;2;3;3;3;2;2;3;3;2;2;3;3;2;2;3;2;2;4;2;1;3;3;1;2;2;2;3;2;2;2;3;3;4;4;3;3;3;3;3;3;2;3;3;4;3;3;2;51;39;41;44;37;14;13;12;12;7;10;10;12;11;12;10;8;12;12;11;12;9;10;7;11;100;32;18;15;18;14;13;43
186;2001.12.25 6:08;2001.12.25 6:32;1;3;NA;NA;1340;4;4;3;3;3;4;4;2;2;3;1;1;1;4;4;1;3;4;3;3;2;4;4;3;3;1;4;3;2;3;1;3;1;3;3;1;3;4;2;3;2;4;4;4;3;1;1;3;3;3;1;3;1;4;1;3;1;4;3;3;1;4;3;4;4;4;4;4;3;1;4;2;3;4;1;1;4;4;1;4;1;3;3;4;2;2;1;2;1;4;23;48;51;42;52;9;4;4;6;14;12;6;16;14;10;15;12;13;10;9;12;16;16;9;11;123;42;27;19;13;16;12;52
188;2001.12.25 5:09;2001.12.25 7:05;1;3;NA;NA;2048;3;3;1;3;3;4;4;3;1;1;3;3;2;2;1;2;4;3;2;3;2;3;3;4;2;4;3;3;4;1;1;3;2;4;2;2;3;4;2;3;1;3;3;3;3;2;2;3;2;1;1;4;1;2;3;1;2;3;3;3;1;4;2;3;4;2;3;4;3;3;4;3;3;3;2;3;4;3;3;4;1;4;1;3;3;2;3;2;1;2;31;43;43;36;52;7;10;6;8;9;13;8;13;13;10;11;9;12;6;8;12;13;13;13;13;121;43;24;21;13;16;14;34
189;2001.12.25 6:43;2001.12.25 7:09;1;2;850;620;800;3;3;2;2;3;2;4;2;3;3;2;3;2;2;1;2;3;4;2;4;3;3;4;4;3;4;4;2;3;3;2;3;2;3;4;2;2;4;1;3;1;3;2;4;3;3;1;2;1;1;2;4;2;4;3;1;4;3;3;2;3;4;1;3;4;1;3;2;1;3;3;4;4;3;3;3;4;4;3;3;3;2;2;4;4;3;4;4;2;2;40;42;45;44;55;10;14;8;8;9;8;10;15;13;12;12;8;13;10;11;13;13;15;14;13;121;38;23;20;16;11;13;26
190;2001.12.25 6:41;2001.12.25 7:16;1;3;NA;NA;1373;1;1;1;4;2;4;2;2;1;1;1;1;1;1;2;1;3;3;3;3;1;1;3;4;2;1;3;2;3;1;1;1;1;1;1;1;1;4;3;3;1;1;1;3;1;2;3;2;2;1;2;3;1;1;3;1;4;3;3;4;1;3;2;3;1;4;2;2;3;3;3;3;2;3;3;1;3;4;2;2;1;4;2;2;3;1;1;2;2;3;19;34;43;29;34;4;5;6;4;7;8;5;14;14;11;6;12;6;6;9;9;6;9;8;11;129;41;26;21;11;15;7;24
191;2001.12.25 7:23;2001.12.25 7:42;1;3;NA;NA;2150;1;3;1;2;3;2;3;3;3;3;3;1;3;1;3;1;4;3;3;3;1;1;3;2;4;2;4;3;4;3;3;2;4;2;3;3;2;2;2;3;1;1;1;1;4;1;1;1;3;3;3;3;1;3;3;1;4;1;1;2;1;4;1;2;4;3;3;1;4;3;2;1;2;1;3;4;4;2;4;4;3;2;1;4;2;3;2;1;3;1;33;32;27;49;44;4;8;12;9;6;8;10;8;7;6;7;7;15;12;12;13;9;14;7;14;103;33;17;20;20;11;16;34
192;2001.12.25 6:52;2001.12.25 7:51;2;3;NA;NA;1718;2;3;3;1;2;3;4;4;2;3;2;1;2;2;1;3;3;3;1;3;1;3;3;2;3;4;3;4;4;4;3;1;1;2;4;2;3;4;1;3;1;3;3;3;1;4;2;2;4;1;3;2;1;3;4;3;2;3;3;1;2;3;2;2;3;1;3;3;4;3;2;4;4;2;4;3;4;4;3;3;2;3;1;3;1;4;4;1;3;2;42;46;30;42;45;6;14;11;11;11;13;8;14;8;6;9;7;9;11;13;13;12;13;8;12;114;40;18;20;20;9;13;55
194;2001.12.25 7:06;2001.12.25 7:54;2;3;NA;NA;1900;3;1;3;3;3;1;1;3;3;3;2;1;2;1;1;2;3;4;1;1;2;1;2;2;2;4;1;3;3;4;2;1;2;3;3;2;2;3;1;2;2;1;2;1;1;4;4;2;3;2;2;2;2;4;1;4;2;1;3;4;2;1;3;2;3;1;1;2;3;3;3;1;2;1;4;4;3;3;4;1;4;2;2;1;2;1;4;2;2;1;45;39;31;34;23;9;16;8;12;10;10;8;11;8;8;9;6;9;12;9;5;4;4;5;10;107;40;17;16;22;15;11;36
195;2001.12.25 6:54;2001.12.25 8:30;1;3;NA;NA;1080;4;3;1;3;1;4;3;2;1;4;3;1;1;3;1;2;2;3;2;2;3;2;1;3;1;4;4;1;2;3;3;2;1;3;2;1;3;2;2;2;2;1;1;3;1;3;2;1;1;1;3;1;1;4;1;2;3;1;3;3;3;4;1;3;2;1;3;1;1;3;3;2;3;3;1;3;4;1;2;1;1;4;3;3;4;2;4;4;2;3;43;22;50;26;41;12;12;11;8;4;5;6;7;12;15;13;10;5;11;5;7;10;13;6;12;113;29;22;17;10;9;10;24
196;2001.12.25 7:43;2001.12.25 8:31;1;1;NA;NA;1200;2;2;1;3;3;4;3;2;3;3;2;1;2;1;4;2;3;3;1;3;3;3;3;3;2;2;3;2;3;3;3;3;1;4;3;3;4;4;2;3;2;2;3;3;2;1;1;3;3;2;1;4;2;4;3;1;3;2;2;4;4;4;4;4;2;3;4;2;3;3;3;3;2;4;4;3;4;4;4;2;1;2;2;4;2;1;2;2;2;1;34;40;40;42;50;11;6;8;9;11;9;7;13;13;8;13;6;9;11;14;9;11;14;11;14;120;38;27;18;15;18;8;30
197;2001.12.25 5:21;2001.12.25 8:35;1;3;NA;NA;2050;2;1;1;2;3;2;1;2;1;2;2;3;1;1;1;1;4;3;2;3;1;1;4;4;1;4;3;2;2;3;3;1;2;3;1;2;1;1;1;3;1;3;2;1;1;2;4;2;4;1;3;4;3;3;2;1;1;1;1;3;1;2;3;1;3;2;1;1;1;3;4;2;1;1;1;1;4;3;4;3;3;4;3;1;1;2;3;4;1;1;31;32;33;31;33;5;12;9;5;10;7;7;8;8;12;8;5;8;9;5;11;7;6;10;10;106;37;10;22;16;14;7;57
198;2001.12.25 7:58;2001.12.25 8:41;2;3;1850;1850;2150;2;3;2;3;3;2;3;1;1;4;3;1;3;3;4;4;4;4;4;4;2;3;1;4;4;3;2;2;4;3;2;1;2;3;4;3;2;3;2;3;2;1;1;2;2;1;2;1;4;3;4;4;2;4;4;1;3;2;3;2;3;4;1;3;2;2;1;1;4;4;3;2;3;3;4;4;3;3;3;4;3;4;1;3;1;3;3;1;2;2;42;32;43;52;40;9;10;11;12;5;5;10;12;12;7;13;11;11;14;16;14;11;9;8;12;112;39;19;20;19;15;14;46
199;2001.12.25 8:15;2001.12.25 9:01;1;3;NA;NA;1850;3;3;3;4;2;4;4;2;3;2;2;2;3;2;1;1;3;3;2;4;3;2;3;3;3;3;3;2;2;4;3;3;3;3;3;2;3;3;1;2;1;3;4;3;3;1;2;3;2;1;1;3;2;3;2;1;2;3;3;4;2;2;3;2;3;2;3;3;3;3;3;2;3;4;4;3;3;4;4;2;1;2;3;3;3;1;3;2;2;1;32;47;41;39;44;9;8;8;7;13;10;11;13;12;10;12;7;11;10;10;9;10;13;10;11;98;26;17;13;13;12;9;18
200;2001.12.25 8:35;2001.12.25 9:08;3;3;1734;1673;1450;1;3;4;3;1;3;3;4;1;2;3;2;3;3;2;1;2;4;3;2;1;4;4;3;3;3;3;3;2;2;2;2;2;3;2;2;3;3;3;1;1;3;3;3;1;2;2;3;2;1;1;3;3;3;2;1;3;4;4;3;1;3;4;3;2;2;3;4;2;3;4;2;3;3;2;3;3;4;2;3;2;4;3;3;3;2;3;3;1;3;28;55;50;29;45;4;10;7;7;15;14;11;15;12;13;12;13;7;8;8;8;13;12;9;11;129;36;25;19;7;9;9;24
201;2001.12.25 9:00;2001.12.25 9:21;2;3;NA;NA;1944;2;3;1;2;3;3;3;2;2;3;3;3;3;3;3;3;3;3;3;3;1;1;2;3;3;3;3;3;2;3;3;3;3;3;3;2;2;3;2;3;1;2;1;3;2;1;2;2;1;2;2;3;1;3;3;1;3;2;3;3;1;2;3;2;3;3;3;3;3;3;3;2;2;3;3;3;3;3;3;3;2;3;3;3;4;2;2;2;2;2;32;37;44;43;42;5;8;10;9;7;10;9;11;10;12;12;10;11;11;12;11;8;12;11;11;121;37;24;19;14;9;14;32
202;2001.12.25 8:52;2001.12.25 9:32;1;3;NA;NA;922;4;3;4;1;4;4;4;4;2;4;3;4;1;2;1;2;3;4;3;2;3;2;3;2;3;4;4;3;3;4;2;3;2;4;4;2;4;4;2;3;1;4;4;3;4;1;1;1;1;4;1;4;1;4;4;2;4;2;4;3;2;1;4;2;3;1;3;3;2;4;3;3;3;3;4;2;4;3;4;2;1;3;2;4;4;2;4;3;2;1;36;46;43;50;54;10;10;8;8;15;11;7;13;8;12;13;10;14;16;13;9;10;15;14;15;128;44;24;25;16;8;17;29
203;2001.12.25 8:36;2001.12.25 9:36;1;3;NA;NA;1300;1;4;1;4;1;2;3;3;1;3;2;3;3;4;2;1;4;3;4;2;1;2;4;4;2;3;4;3;2;3;4;4;3;3;4;2;2;3;4;2;1;4;2;4;2;3;4;2;1;1;4;4;2;4;3;1;2;3;3;3;1;3;1;4;4;1;2;3;2;1;3;3;4;4;3;3;4;3;2;4;3;4;3;1;4;2;4;3;2;3;36;43;59;37;49;4;13;12;7;8;11;12;12;16;14;15;14;9;8;12;10;13;10;14;12;124;43;22;17;14;9;9;39
205;2001.12.25 9:13;2001.12.25 9:47;1;1;NA;NA;1000;2;2;1;4;2;4;1;2;2;3;2;1;1;3;2;1;1;4;2;3;2;1;1;4;1;3;1;2;3;3;1;1;1;2;2;1;1;3;1;2;1;1;1;2;3;1;3;3;4;2;1;1;1;2;2;3;1;1;4;3;3;2;1;3;2;3;1;3;3;2;3;2;2;3;3;2;4;2;3;2;1;3;2;2;1;2;2;2;2;2;28;29;40;34;23;8;7;6;7;4;10;5;10;13;8;10;9;8;10;9;9;6;5;5;7;108;36;18;17;16;17;8;29
206;2001.12.25 9:26;2001.12.25 9:56;1;2;1627;1625;2150;1;2;3;4;2;2;4;3;4;2;2;2;2;2;1;2;3;3;2;2;2;3;4;3;2;1;4;3;3;2;2;3;2;2;2;2;3;3;2;1;1;1;3;3;1;2;1;3;3;1;2;2;2;2;1;1;4;3;2;4;1;2;2;2;1;4;3;3;3;2;3;3;3;2;1;1;3;3;4;2;3;1;2;4;2;1;1;2;2;1;26;45;34;23;46;5;7;8;6;12;12;9;12;12;7;8;7;6;7;5;6;8;15;10;13;109;30;24;18;17;15;9;24
213;2001.12.25 9:58;2001.12.25 10:45;1;3;NA;NA;1500;3;2;2;1;3;2;2;3;3;1;4;1;1;4;1;1;3;3;2;3;2;2;4;3;4;4;3;3;4;4;3;3;1;3;2;3;4;3;1;4;2;2;3;3;1;2;3;4;2;3;3;2;4;1;4;4;2;4;1;4;1;4;2;1;4;2;2;3;2;2;4;2;2;2;3;3;1;1;1;4;3;2;1;2;3;1;3;3;1;4;42;43;35;43;37;8;12;11;11;11;13;8;11;8;9;10;8;12;10;10;12;10;9;8;10;83;20;13;10;16;11;11;49
215;2001.12.25 10:08;2001.12.25 10:59;2;3;1884;1859;1920;2;3;1;3;3;3;4;1;3;3;2;3;3;3;1;2;3;3;2;2;1;1;2;3;2;4;3;2;3;4;2;3;1;3;3;2;3;2;3;2;1;1;1;3;1;2;2;3;4;2;1;4;1;4;2;1;4;2;4;3;1;3;1;1;3;1;3;2;4;4;4;2;2;3;3;1;4;3;3;3;2;2;2;3;1;2;4;1;1;2;29;30;40;38;47;5;12;6;6;5;8;7;10;10;6;13;11;9;13;9;9;8;13;12;14;85;20;17;13;19;10;14;44
217;2001.12.25 10:04;2001.12.25 11:24;2;3;1712;1712;1600;2;3;1;4;3;2;3;1;2;2;1;2;2;3;2;1;1;2;2;2;2;1;2;3;3;4;3;1;3;2;1;3;2;3;3;1;3;3;3;2;3;1;1;3;3;1;4;2;3;1;4;3;1;4;3;1;1;2;3;3;2;3;1;2;2;1;1;2;3;2;4;2;4;4;1;3;1;2;2;2;3;3;2;1;2;2;4;2;1;3;34;29;46;33;32;9;12;7;6;5;6;9;9;12;9;14;11;11;7;9;8;8;8;10;6;127;31;19;24;10;7;4;25
218;2001.12.25 9:32;2001.12.25 11:39;1;2;NA;NA;1400;2;3;2;4;2;3;3;3;1;2;3;2;3;2;2;3;3;3;4;2;1;2;3;4;3;3;3;3;2;3;2;2;3;3;2;3;2;4;4;2;1;3;2;3;3;2;3;2;1;1;1;3;4;3;3;1;3;2;4;3;1;3;2;3;3;1;2;3;1;3;4;2;3;3;3;1;3;3;1;3;2;4;3;2;4;2;4;4;1;4;31;45;56;37;41;5;11;7;8;9;11;13;12;14;15;11;16;11;9;10;9;11;10;9;11;132;38;22;19;6;5;10;35
220;2001.12.25 11:31;2001.12.25 11:49;1;3;1472;1471;1803;3;3;2;3;3;2;4;3;3;3;3;3;2;2;3;2;2;3;3;2;1;1;2;3;2;3;3;2;3;3;3;3;3;2;3;3;3;3;3;2;1;2;2;3;2;4;2;3;4;2;3;4;2;3;2;2;4;2;3;3;3;4;2;3;3;1;3;1;3;3;3;2;3;2;3;3;3;2;2;2;3;2;2;3;1;2;4;2;2;3;43;37;40;38;47;8;14;11;10;8;9;10;10;12;7;9;12;10;11;11;8;10;13;12;12;104;29;24;14;16;13;10;37
224;2001.12.25 11:33;2001.12.25 12:05;1;3;1800;1789;2230;2;2;1;3;3;2;2;2;3;1;2;2;2;2;2;3;2;3;3;2;1;3;2;3;2;3;3;2;2;1;1;2;2;3;3;2;1;3;2;2;1;2;1;2;2;2;3;3;3;1;1;2;2;2;1;1;3;1;3;3;2;3;1;3;2;3;3;3;2;3;3;2;3;2;2;2;4;3;2;2;3;2;3;2;2;2;2;3;2;3;30;34;41;29;38;6;10;6;8;5;10;9;10;11;10;9;11;9;6;8;8;10;10;8;10;116;27;23;16;5;6;13;25
225;2001.12.25 11:06;2001.12.25 12:07;1;3;NA;NA;1700;3;3;2;3;2;4;3;1;3;4;1;2;1;4;2;1;2;2;3;2;2;3;2;2;3;2;3;2;1;3;2;3;2;3;3;1;4;2;3;4;1;2;2;2;2;1;2;1;2;3;2;3;2;4;2;3;3;1;3;3;1;4;2;3;4;1;3;2;2;4;4;3;2;3;3;4;3;2;2;2;1;2;4;3;3;2;4;3;1;3;30;28;48;43;47;7;8;6;9;8;6;7;7;10;12;14;12;11;14;10;10;12;12;11;12;125;38;23;20;12;9;11;46
226;2001.12.25 11:19;2001.12.25 12:09;2;3;1804;1788;2005;3;2;2;3;2;3;3;4;2;2;2;2;2;2;2;2;2;3;2;2;2;1;2;4;2;2;1;4;3;1;2;2;2;3;2;2;3;3;3;2;1;2;2;3;2;3;1;2;3;2;2;1;2;3;2;2;4;3;4;3;2;3;2;2;2;2;3;2;3;3;3;3;2;3;3;2;3;4;2;1;2;3;2;4;2;2;3;2;2;3;34;41;44;30;39;8;10;8;8;8;12;8;13;12;9;11;12;8;8;9;7;8;11;8;12;105;29;18;14;10;10;12;26
228;2001.12.25 12:36;2001.12.25 13:08;1;3;NA;NA;1700;2;1;3;2;3;4;1;3;3;3;1;1;2;2;3;1;1;3;2;2;1;1;1;2;3;2;1;3;3;3;2;2;2;3;2;2;1;2;2;3;1;1;3;2;3;1;3;2;2;3;2;2;2;3;4;3;1;2;3;3;1;1;1;3;3;4;1;2;3;3;4;2;2;3;3;3;3;3;3;2;1;2;2;2;3;2;1;2;1;2;25;36;38;43;22;5;5;6;9;8;10;8;10;9;9;11;9;12;12;12;9;4;5;7;6;115;40;20;20;19;16;10;32
230;2001.12.25 12:39;2001.12.25 13:14;1;3;NA;NA;1504;2;3;3;4;3;3;2;2;2;2;3;1;1;1;2;2;3;3;3;1;1;3;4;4;1;4;2;2;2;2;3;2;1;3;3;2;2;3;3;3;2;3;2;3;3;3;3;2;2;1;2;2;1;2;3;2;2;2;3;3;3;2;2;2;2;1;2;2;2;3;3;2;2;2;2;2;3;3;3;3;2;3;3;2;3;2;4;3;2;2;39;35;44;34;36;8;13;10;8;11;8;5;11;13;12;8;11;9;8;10;9;11;8;7;10;121;35;22;18;10;12;8;29
231;2001.12.25 12:54;2001.12.25 13:16;1;3;1558;1558;1170;2;1;1;3;1;2;1;1;3;2;3;1;2;1;1;3;1;1;1;4;2;1;1;3;2;3;1;1;3;2;3;1;1;1;4;3;1;1;1;4;3;1;1;1;4;3;4;1;4;2;3;1;1;1;3;2;2;1;1;2;3;1;1;2;3;1;1;1;3;2;1;1;2;1;4;4;2;1;4;1;3;2;2;1;1;3;4;2;4;1;48;18;24;39;18;10;13;13;12;4;4;6;4;9;7;4;4;10;8;12;12;4;4;4;6;97;31;18;14;16;17;15;40
232;2001.12.25 11:17;2001.12.25 13:18;3;3;2204;2199;2630;3;3;2;3;3;2;4;4;3;3;1;1;1;1;2;1;1;4;1;3;2;1;4;3;1;2;4;4;4;3;3;2;1;3;4;1;2;1;2;3;1;1;3;4;1;1;2;2;4;1;2;3;1;4;2;2;4;3;4;2;2;1;2;3;2;1;2;3;3;2;4;2;4;1;2;1;4;3;4;2;3;2;1;3;1;3;4;2;1;1;30;42;36;34;38;8;10;7;5;11;13;7;11;13;6;9;8;7;9;10;11;6;13;8;11;100;29;21;14;16;16;8;40
233;2001.12.25 12:40;2001.12.25 13:22;1;1;NA;NA;1231;4;4;3;3;3;2;3;4;3;1;1;1;1;1;4;1;3;4;1;3;1;4;4;3;3;2;4;3;3;3;3;3;1;2;2;1;1;1;1;4;1;2;3;3;3;2;1;4;4;1;1;2;1;3;1;4;4;3;4;3;4;4;4;2;3;2;2;1;4;3;4;2;1;2;1;4;4;3;4;4;3;2;2;4;1;2;3;1;1;1;36;41;32;39;47;10;10;6;10;14;12;4;11;11;6;8;7;12;8;8;13;14;13;8;12;115;36;25;19;14;17;12;25
235;2001.12.25 12:33;2001.12.25 13:35;2;3;NA;NA;1008;2;3;1;3;2;3;1;1;2;3;1;1;1;3;2;2;4;1;2;3;1;3;1;3;2;2;1;1;3;3;1;2;1;4;3;1;1;2;2;2;2;3;1;1;1;3;4;1;2;2;2;2;1;4;2;3;1;1;3;3;3;3;1;1;3;3;1;1;2;4;4;2;1;4;3;2;1;1;4;3;2;3;2;1;3;2;2;3;1;1;30;17;42;38;30;8;9;5;8;4;4;4;5;8;11;15;8;8;12;10;10;12;4;7;7;101;24;22;13;12;12;8;25
237;2001.12.25 12:45;2001.12.25 13:53;1;3;NA;NA;2105;2;1;2;2;2;2;4;3;4;2;2;1;2;4;3;3;3;3;2;2;1;1;2;2;2;2;4;3;3;1;1;1;1;4;1;1;1;2;1;2;1;1;1;2;3;2;1;1;4;1;4;3;1;4;2;3;2;1;3;3;1;1;3;2;1;3;2;3;3;2;3;3;3;3;2;4;2;1;4;1;3;1;2;4;1;2;2;2;2;1;34;32;36;27;34;5;9;9;11;8;10;7;7;8;6;15;7;8;6;8;7;4;14;8;8;108;36;18;18;17;17;10;40
238;2001.12.25 13:45;2001.12.25 14:00;1;2;845;845;1885;3;2;3;2;3;1;2;3;3;3;3;1;2;2;2;3;3;3;2;2;3;1;3;2;3;3;3;3;3;2;3;1;2;3;4;3;1;3;2;3;3;1;2;3;3;3;2;2;3;3;3;2;2;3;3;3;4;2;2;3;3;3;2;2;3;1;1;2;3;3;2;2;2;3;3;3;3;3;2;1;4;2;2;3;2;2;4;2;3;3;50;39;37;41;33;12;14;12;12;10;10;8;11;9;8;11;9;12;11;12;8;7;9;6;11;97;35;16;12;22;12;12;42
239;2001.12.25 13:38;2001.12.25 14:04;1;3;NA;NA;1000;3;2;2;4;1;3;4;3;2;1;3;1;2;2;3;3;3;3;3;2;2;2;4;4;1;2;4;2;2;2;2;2;2;3;3;2;3;3;4;3;2;1;1;4;2;3;2;2;2;2;2;3;2;3;3;2;2;2;4;3;2;3;2;4;3;2;3;2;2;3;3;3;2;3;3;2;3;3;1;2;2;3;3;3;3;2;3;3;2;4;37;37;54;34;42;9;10;9;9;9;9;8;11;16;12;11;15;7;8;12;9;8;14;9;11;120;34;27;20;14;13;10;25
243;2001.12.25 13:49;2001.12.25 14:38;2;3;2000;NA;2262;1;2;4;2;2;3;2;4;3;3;3;1;1;1;2;2;1;3;1;3;1;1;4;2;1;1;2;4;3;2;2;1;2;2;2;2;1;4;1;3;1;1;3;3;3;1;2;2;3;2;3;1;1;2;2;1;2;3;3;2;1;1;4;2;2;2;1;1;3;3;3;3;1;2;1;3;3;4;3;2;2;2;2;3;2;3;3;2;2;2;29;45;31;33;26;4;7;10;8;15;11;5;14;9;8;7;7;8;10;7;11;5;8;6;7;108;37;19;11;12;13;8;30
244;2001.12.25 14:17;2001.12.25 14:52;3;3;1938;1938;2214;3;3;1;1;3;3;3;1;2;4;1;2;1;2;2;1;3;2;2;4;2;3;1;2;1;2;2;2;3;4;2;2;1;2;4;1;3;1;3;4;2;3;1;3;1;1;2;1;3;2;1;2;1;2;3;1;3;1;4;1;2;3;1;2;4;3;2;1;3;4;4;2;1;2;3;4;2;2;3;3;2;3;2;3;2;4;2;2;1;2;28;19;36;46;41;9;7;5;7;4;5;4;6;8;9;8;11;9;14;12;15;12;10;8;11;109;38;21;14;17;15;10;30
245;2001.12.25 14:14;2001.12.25 14:55;1;3;NA;NA;1060;1;1;2;1;4;4;1;2;4;4;1;1;2;1;1;3;1;2;1;4;1;1;4;2;1;1;1;1;4;4;1;1;1;1;1;4;1;1;1;4;1;1;1;1;2;1;4;1;4;1;1;1;1;1;2;2;1;1;1;2;1;1;1;1;4;2;1;1;4;4;4;1;1;1;1;4;1;2;4;4;1;1;1;1;1;3;3;1;1;1;27;24;17;41;16;4;6;4;13;8;5;5;6;5;4;4;4;11;13;5;15;4;4;4;4;94;35;13;5;9;8;16;53
248;2001.12.25 14:28;2001.12.25 15:08;1;3;NA;NA;1000;2;3;1;3;2;3;4;3;2;3;3;2;1;2;3;3;2;4;3;1;3;3;1;4;1;3;4;2;2;2;3;3;2;2;3;2;3;4;2;3;1;2;2;3;2;3;1;3;3;2;3;3;2;3;1;1;4;3;3;3;2;4;2;3;2;1;3;3;3;2;3;3;1;3;1;3;3;3;4;3;2;3;3;4;2;2;4;2;2;1;40;37;42;31;50;8;12;11;9;6;11;6;14;13;10;10;9;7;9;8;9;12;15;11;12;118;38;21;20;19;12;10;26
250;2001.12.25 14:43;2001.12.25 15:18;2;3;NA;NA;1850;2;2;2;3;2;3;4;2;1;4;3;1;3;3;2;3;3;3;2;3;3;1;2;2;2;4;4;2;1;3;2;4;2;3;3;2;1;2;3;3;1;1;2;3;2;3;3;3;3;4;2;3;2;3;3;1;1;2;4;3;2;4;2;3;4;2;1;3;1;3;3;2;3;3;4;3;3;3;2;4;2;4;4;2;2;2;3;4;2;3;38;38;49;46;37;8;12;9;9;8;10;10;10;11;14;12;12;10;14;12;12;8;11;10;8;114;36;22;11;10;7;14;54
251;2001.12.25 14:44;2001.12.25 15:32;1;3;NA;NA;2070;1;1;1;1;3;3;1;3;2;4;3;1;3;2;1;2;2;3;1;3;1;1;2;2;3;2;1;3;3;3;2;1;2;3;4;2;1;3;2;4;1;1;2;2;3;1;4;1;4;2;1;1;1;3;3;2;2;3;3;2;1;4;1;2;3;2;1;2;4;3;3;1;2;3;3;2;3;3;3;3;2;3;2;1;1;3;3;1;2;2;28;35;33;45;23;4;8;8;8;6;9;8;12;7;7;11;8;12;12;11;13;7;4;4;8;106;34;17;16;16;12;9;49
253;2001.12.25 14:41;2001.12.25 15:48;2;3;1983;1983;1955;1;2;1;2;4;3;1;1;4;4;3;1;3;4;4;3;3;2;1;3;1;1;1;2;3;3;1;1;4;4;3;1;2;3;3;3;1;2;2;4;1;2;1;1;4;2;4;2;4;3;2;2;2;4;4;3;2;1;2;2;1;2;1;1;4;2;1;1;4;3;4;2;3;3;3;2;3;2;4;2;2;1;1;1;1;3;3;1;1;1;34;26;30;52;26;4;10;9;11;4;5;10;7;6;4;14;6;15;14;14;12;7;4;6;9;83;34;10;11;22;14;14;63
254;2001.12.25 15:18;2001.12.25 15:49;2;2;1693;1693;1774;2;1;1;2;3;3;3;1;3;4;3;1;2;1;3;2;3;1;1;4;1;1;1;2;3;3;3;1;3;3;1;1;2;1;3;2;1;3;1;4;1;1;1;1;4;3;4;1;4;4;2;1;2;1;3;3;3;1;2;1;1;1;1;1;4;1;1;1;4;4;3;1;2;1;3;3;1;1;4;4;2;2;2;1;1;4;4;1;2;1;35;22;21;53;24;5;12;8;10;4;4;8;6;6;6;4;5;14;15;12;16;4;8;4;8;85;35;11;9;19;12;17;52
255;2001.12.25 15:09;2001.12.25 16:08;1;3;1300;1300;1910;1;3;1;2;3;4;3;2;3;3;3;2;1;2;3;2;3;2;2;2;1;2;2;2;2;3;3;2;4;4;3;2;2;3;3;3;3;2;2;4;1;2;2;2;3;3;2;2;3;3;3;4;2;3;3;1;3;2;3;2;1;1;2;3;3;2;2;2;3;3;2;2;3;3;2;1;4;2;2;3;1;2;1;3;2;3;3;2;3;3;33;31;37;44;42;4;10;12;7;7;8;8;8;9;7;11;10;11;13;11;12;8;11;10;13;109;39;14;21;14;9;16;41
257;2001.12.25 16:29;2001.12.25 17:02;1;3;NA;NA;750;1;4;1;2;3;4;3;1;3;4;1;1;4;1;1;1;2;2;1;2;1;2;1;2;3;3;2;1;3;2;1;2;1;3;2;1;2;2;2;3;1;1;1;2;2;1;3;1;2;1;1;2;1;1;2;3;3;1;3;3;1;3;1;1;2;1;3;1;3;3;4;3;2;3;3;3;4;1;3;3;1;2;2;2;3;2;4;2;1;2;25;22;32;36;39;4;9;4;8;4;4;8;6;7;9;8;8;10;10;8;10;10;10;8;11;120;39;25;20;15;10;13;23
258;2001.12.25 17:13;2001.12.25 17:14;1;3;NA;NA;1362;2;4;1;2;4;4;2;1;2;4;1;1;1;2;1;2;4;3;2;3;3;1;1;2;3;2;3;1;3;4;4;4;1;2;4;1;3;1;1;4;1;2;1;4;4;2;4;1;4;3;3;3;4;2;4;1;4;1;2;1;3;4;1;2;4;2;4;1;3;3;3;4;1;1;4;3;4;2;3;4;1;3;2;1;1;4;3;2;2;2;34;22;32;53;48;9;8;10;7;4;4;7;7;10;8;7;7;15;14;13;15;11;10;12;15;108;42;12;21;18;12;15;49
260;2001.12.25 16:30;2001.12.25 17:22;2;3;NA;NA;1760;2;4;2;3;2;3;1;2;3;3;2;2;3;2;1;2;2;3;2;2;2;1;2;2;3;1;2;2;4;3;1;1;2;2;1;1;1;3;2;3;2;1;2;2;2;2;4;2;3;1;1;1;2;2;2;3;3;2;3;2;2;3;1;1;2;2;1;2;4;3;3;1;2;2;2;3;3;2;3;2;2;2;1;1;2;3;3;1;2;2;31;34;31;32;28;8;8;6;9;7;8;9;10;8;6;8;9;9;10;6;10;9;5;5;9;113;34;22;17;17;14;7;34
261;2001.12.25 16:44;2001.12.25 17:31;2;3;1750;1750;1900;2;2;1;3;2;3;3;1;1;1;2;1;1;4;1;1;4;3;4;1;1;1;4;4;1;3;4;3;3;1;2;3;1;4;1;1;4;4;4;1;1;1;1;4;1;2;2;3;3;1;3;1;1;4;2;1;1;4;3;4;1;1;3;4;2;1;4;3;3;4;4;2;1;4;2;4;4;4;3;1;2;4;2;3;2;1;4;2;1;2;31;38;54;22;39;5;11;8;7;9;10;4;15;15;10;16;13;6;7;6;4;5;14;7;13;132;41;26;14;11;4;8;38
263;2001.12.25 17:10;2001.12.25 17:45;1;3;NA;NA;1741;3;4;1;3;4;2;4;1;1;4;2;1;1;3;2;3;3;3;4;2;2;4;1;3;3;4;4;1;3;4;1;4;1;3;4;1;3;2;2;4;1;3;1;3;2;2;1;1;2;1;3;4;1;4;3;2;4;1;4;2;1;3;2;3;3;1;3;3;3;3;3;4;3;4;3;4;4;4;1;3;3;4;2;4;3;3;4;2;2;4;38;27;51;45;56;7;13;8;10;5;6;6;10;12;11;14;14;12;12;12;12;14;15;13;14;112;39;21;20;15;16;11;49
266;2001.12.25 17:46;2001.12.25 18:19;2;3;1700;1700;1800;3;1;3;4;2;2;4;4;2;2;2;1;1;3;2;1;3;2;3;1;1;1;3;3;1;3;4;4;3;2;1;1;1;3;2;1;3;3;2;3;1;3;1;2;3;1;1;1;1;1;2;2;1;4;1;1;3;3;3;3;1;1;1;3;2;1;2;2;3;3;3;2;2;3;1;2;4;2;1;2;3;3;2;4;4;2;4;2;2;4;29;34;48;28;39;6;11;7;5;8;11;5;10;12;11;13;12;8;8;6;8;6;14;6;13;110;32;22;14;11;15;8;24
267;2001.12.25 17:37;2001.12.25 18:25;2;3;1333;1370;1700;4;3;4;2;3;2;3;3;2;4;2;3;4;4;2;2;3;4;3;3;4;3;4;4;3;2;3;3;3;4;4;2;3;2;4;3;4;3;3;4;4;4;3;4;3;3;2;3;4;4;2;3;4;2;2;4;4;3;3;4;3;2;4;2;3;4;3;2;3;3;3;4;4;3;2;2;4;4;4;4;3;3;2;3;1;1;1;2;2;1;45;55;41;48;51;15;9;10;11;15;11;15;14;12;8;11;10;12;15;10;12;12;12;12;15;92;31;16;22;20;17;20;69
271;2001.12.25 18:33;2001.12.25 18:53;2;3;1650;1640;1900;1;3;2;1;2;4;2;2;3;4;1;1;1;1;2;1;3;2;2;2;1;2;2;2;3;1;3;2;3;2;2;2;2;3;2;2;2;2;2;2;1;1;2;2;2;1;3;2;3;2;1;2;2;2;2;1;2;2;2;3;1;1;3;2;2;3;2;2;3;4;3;3;3;2;2;2;4;2;3;2;1;2;2;2;2;2;2;2;2;2;21;33;31;35;35;4;5;6;6;9;8;8;8;7;8;8;8;9;12;8;8;7;9;8;11;117;39;24;18;16;15;11;45
272;2001.12.25 18:54;2001.12.25 19:25;2;3;1999;1980;2400;2;1;1;2;3;2;4;2;2;4;2;1;1;1;3;3;4;2;1;3;2;2;1;2;4;4;4;2;4;3;3;2;1;2;3;3;2;2;1;4;2;3;1;3;4;3;1;1;4;2;3;3;2;2;3;3;3;2;2;1;2;3;2;1;3;1;2;1;4;4;2;2;3;2;4;3;2;2;3;2;3;3;1;4;1;4;4;1;3;2;45;26;27;49;42;8;14;11;12;5;6;7;8;8;6;7;6;14;13;13;13;9;14;8;11;101;32;18;22;18;13;18;55
273;2001.12.25 18:42;2001.12.25 19:32;1;3;NA;NA;819;2;2;1;3;2;2;2;2;2;3;3;2;1;2;1;2;1;3;3;1;1;2;3;4;1;2;4;2;2;1;1;2;1;3;2;2;2;3;2;2;1;2;1;1;2;2;2;2;1;1;1;2;2;4;2;1;2;1;2;3;1;3;1;2;2;1;2;2;1;2;3;2;2;3;1;2;2;3;2;3;3;3;3;3;4;2;4;4;2;3;30;30;46;26;35;5;11;7;7;6;8;6;10;10;14;12;10;7;7;6;8;9;11;8;7;121;34;26;17;13;10;9;20
275;2001.12.25 20:08;2001.12.25 20:47;1;1;900;900;900;1;2;1;4;1;2;4;4;3;1;2;1;2;3;1;1;1;4;4;1;1;3;3;4;1;4;4;3;2;1;1;2;1;3;1;1;3;4;3;1;1;2;3;4;1;2;1;3;1;1;2;3;2;4;1;1;2;3;3;4;1;4;1;4;2;1;4;4;3;2;3;3;1;3;1;2;4;4;2;1;3;2;3;4;4;1;4;2;2;3;29;43;53;17;46;4;13;7;5;8;14;6;15;16;11;13;13;5;5;4;4;11;16;9;10;114;33;24;19;15;13;12;16
277;2001.12.25 22:07;2001.12.25 23:09;1;2;744;643;723;3;2;2;3;3;3;3;3;2;1;3;1;2;3;2;3;3;3;3;2;2;2;1;3;2;3;3;4;2;1;3;2;3;3;2;3;1;3;2;2;2;1;2;3;2;2;2;2;2;1;3;3;3;4;2;1;3;2;3;3;2;2;1;3;3;1;2;2;1;2;2;3;3;3;2;2;3;4;3;2;2;3;3;3;3;2;4;4;3;2;41;40;48;29;37;9;11;12;9;6;11;11;12;12;13;13;10;10;5;8;8;7;11;9;10;121;35;22;17;10;8;9;33
278;2001.12.25 22:25;2001.12.25 23:17;2;1;1000;1100;780;3;2;3;4;2;3;2;3;1;2;2;2;2;2;3;2;3;3;3;2;3;2;3;3;2;3;3;3;3;3;3;2;2;3;3;2;3;3;3;2;2;2;3;3;2;2;3;3;3;1;3;3;2;3;3;2;2;3;3;3;2;1;3;3;3;2;2;2;3;3;3;3;2;3;3;3;3;3;2;3;2;4;2;2;2;2;3;2;2;3;39;43;46;37;37;10;10;10;9;12;11;8;12;13;10;11;12;9;9;12;9;7;9;10;11;113;31;20;17;13;12;8;27
279;2001.12.25 22:50;2001.12.25 23:18;1;3;NA;NA;2050;2;3;2;3;1;2;3;2;2;1;2;2;3;2;2;2;3;2;1;1;2;3;3;3;1;3;4;2;2;2;1;3;2;3;2;1;2;2;2;1;2;3;2;3;1;2;2;2;1;1;2;3;3;3;1;2;3;3;4;1;3;4;2;3;2;1;3;3;2;1;4;2;3;2;2;3;3;2;2;2;3;3;3;3;4;4;4;3;1;3;35;38;45;21;47;9;12;6;8;9;9;11;9;12;13;10;10;5;5;7;8;13;13;10;11;113;34;22;18;12;17;8;19
280;2001.12.25 23:30;1.13.25 0:12:11;2;3;2350;2090;2400;4;1;1;3;1;2;3;2;3;1;1;3;1;3;1;1;1;3;3;1;1;1;1;3;1;2;4;1;4;1;1;1;1;2;1;1;1;3;2;1;1;1;1;1;1;2;3;2;1;1;1;3;1;2;1;1;4;3;3;3;1;3;3;3;1;1;3;2;3;2;4;3;1;1;1;3;4;3;3;1;3;2;1;2;4;2;4;2;1;2;28;29;37;16;38;7;11;4;6;6;7;4;12;10;9;8;10;4;5;4;5;6;12;10;10;121;24;28;21;11;11;10;18
281;1.13.25 0:28:18;1.13.25 0:45:52;1;3;1650;NA;1292;2;3;1;3;3;4;4;3;1;3;3;1;2;3;2;2;3;4;3;2;1;3;4;3;3;3;4;3;2;4;3;4;1;3;3;2;3;3;2;2;1;1;2;2;1;1;2;1;2;1;3;3;1;3;3;1;4;3;4;4;1;3;2;3;4;4;3;2;2;3;4;2;3;3;4;1;4;3;1;2;1;4;3;3;3;1;1;3;1;4;27;38;49;40;48;5;6;10;6;9;9;7;13;11;13;12;13;11;11;12;7;10;14;10;14;125;41;21;24;13;6;16;36
282;1.13.25 0:16:05;1.13.25 0:55:48;1;3;NA;NA;889;3;3;2;3;3;1;2;2;2;3;4;3;2;3;2;4;3;2;2;2;4;3;2;3;2;3;3;3;4;4;4;3;2;3;3;4;2;3;2;3;3;3;2;2;3;4;4;2;2;2;3;2;2;3;3;3;3;2;3;3;3;4;2;2;3;1;3;2;4;4;2;3;2;3;3;3;3;3;3;2;4;3;1;1;3;2;4;1;3;2;56;35;39;42;44;13;15;14;14;8;9;8;10;10;8;12;9;11;13;11;9;13;9;11;11;97;32;17;19;20;16;13;51
283;1.13.25 0:33:02;1.13.25 1:01:38;1;3;NA;NA;1125;3;2;1;2;3;2;1;2;3;3;2;1;2;1;3;2;3;2;1;3;2;1;1;3;3;3;1;2;4;4;3;1;1;3;4;2;1;2;1;3;1;1;1;2;3;2;4;1;4;2;3;1;2;3;3;3;2;1;2;2;2;1;1;1;3;1;1;1;4;4;3;1;2;3;3;3;1;2;4;4;3;2;1;1;1;3;4;1;2;1;40;24;28;48;20;8;12;10;10;4;6;7;7;8;5;10;5;12;13;13;13;5;4;4;7;95;34;15;10;18;16;8;46
284;1.13.25 0:34:03;1.13.25 1:18:14;2;3;2130;2090;2200;2;1;3;2;3;3;2;3;3;3;2;1;2;3;2;3;1;3;2;1;2;1;3;3;2;1;3;4;2;2;3;1;1;2;1;3;1;3;2;2;2;1;2;2;1;3;4;2;2;3;3;2;2;4;3;1;2;3;2;3;2;1;1;2;2;3;2;2;3;3;3;2;2;3;4;1;3;3;3;1;2;2;3;1;3;2;2;2;2;2;34;39;39;33;25;8;8;10;8;9;11;7;12;9;10;12;8;8;11;10;6;4;8;6;7;127;39;23;19;5;13;10;20
287;1.13.25 3:05:49;1.13.25 4:04:37;2;3;1657;1635;1804;2;3;1;3;2;4;4;4;4;3;1;1;2;3;4;3;4;4;2;2;1;3;4;3;2;4;2;3;4;1;3;1;2;3;3;2;4;3;2;2;1;4;1;4;3;1;1;1;4;3;4;3;3;3;4;3;3;3;3;4;1;3;1;3;4;1;3;4;4;3;4;3;4;3;1;3;1;4;1;3;1;1;1;4;1;1;4;1;1;4;35;44;40;40;46;5;10;9;11;7;12;11;14;13;4;12;11;11;10;12;8;13;13;8;12;106;42;18;17;21;14;14;60
289;1.13.25 7:37:15;1.13.25 8:10:58;1;3;2004;1834;2000;3;1;3;3;2;2;2;3;1;1;3;1;2;2;3;3;3;4;3;3;2;1;2;3;3;3;3;3;2;3;3;2;1;3;4;3;2;3;2;3;2;1;2;3;3;4;4;3;2;3;3;3;2;2;2;1;4;3;3;2;2;1;3;3;4;1;2;3;3;3;2;2;1;2;4;3;3;3;2;3;3;4;3;1;3;3;4;2;3;3;45;41;44;44;32;9;14;12;10;10;12;6;13;12;12;9;11;12;10;13;12;4;8;8;12;100;37;15;15;18;15;14;60
290;1.13.25 8:16:37;1.13.25 8:53:35;1;3;1893;1893;2506;2;1;2;4;2;3;4;4;1;1;1;2;2;4;3;1;3;4;4;2;1;1;2;4;1;3;4;4;2;2;1;1;1;3;1;1;2;4;4;2;1;1;2;4;3;2;1;2;1;1;1;3;1;4;1;1;1;2;4;4;1;2;1;4;3;1;3;2;1;1;4;2;2;4;2;3;2;4;1;2;2;4;3;4;4;1;4;4;1;4;26;39;62;27;36;5;11;4;6;7;12;6;14;16;15;15;16;9;5;7;7;5;15;8;8;130;41;21;21;11;10;6;23
291;1.13.25 8:39:46;1.13.25 9:32:14;1;3;NA;NA;750;2;3;3;2;2;3;2;3;1;2;1;1;2;1;2;1;2;4;1;3;1;3;3;3;2;1;3;3;2;4;1;2;1;3;2;1;2;4;1;4;2;3;1;4;3;1;3;1;2;2;2;2;1;4;2;1;2;2;3;2;2;4;3;1;4;4;2;3;3;3;4;2;2;2;3;3;3;4;3;3;2;4;3;2;3;3;1;2;1;2;23;40;39;41;38;7;5;5;6;10;10;6;14;10;12;10;7;11;11;9;13;13;9;7;9;118;41;22;16;12;15;8;35
295;1.13.25 14:26:34;1.13.25 15:44:59;1;3;NA;NA;1168;2;1;2;3;1;4;2;3;2;1;2;1;2;1;1;2;1;4;3;2;1;1;3;3;2;2;1;3;3;3;1;1;1;3;3;1;1;3;2;3;1;1;2;3;1;1;4;1;1;2;1;3;1;1;2;1;2;3;2;3;2;1;3;3;3;2;1;3;2;1;3;2;1;2;3;1;3;4;4;3;1;3;2;1;4;2;3;3;2;1;24;39;39;31;23;6;7;6;5;10;10;5;14;12;12;7;8;7;7;9;10;4;5;7;7;113;45;19;14;20;17;8;37
296;1.13.25 15:55:44;1.13.25 16:19:48;1;3;NA;NA;1624;3;1;3;4;1;4;3;3;1;1;2;1;1;2;4;2;2;4;3;1;1;2;2;4;1;1;3;2;3;1;2;1;1;4;1;1;1;4;3;1;1;1;4;4;2;1;2;2;1;1;2;2;1;3;1;1;2;4;3;4;1;2;4;2;1;3;2;2;1;1;4;2;3;3;1;1;4;4;3;3;1;4;2;3;4;1;2;4;1;2;23;44;51;21;32;6;5;7;5;13;9;6;16;14;14;12;11;5;4;7;6;6;11;6;9;150;45;29;25;6;12;5;26
297;1.13.25 16:36:09;1.13.25 17:23:23;1;3;NA;NA;1332;3;3;1;2;1;2;3;2;2;2;3;1;1;4;1;3;3;3;4;1;2;3;2;2;1;3;3;2;3;1;3;2;2;2;2;3;2;4;1;1;1;3;1;2;1;3;3;2;2;1;2;2;1;4;1;1;2;3;3;2;3;2;3;3;2;1;3;2;3;3;1;1;3;2;2;3;2;3;2;1;3;3;2;2;3;3;4;2;4;3;44;35;42;21;37;9;13;12;10;7;8;7;13;9;10;12;11;5;7;6;6;11;11;6;9;109;30;25;14;16;13;11;32
298;1.13.25 17:03:56;1.13.25 17:55:50;1;3;NA;NA;936;2;4;1;4;1;2;4;4;3;1;3;4;4;4;1;2;1;4;4;1;2;3;1;4;1;3;4;4;2;1;1;3;4;4;1;2;4;4;4;1;2;2;1;4;1;2;1;4;1;1;3;4;4;4;1;1;2;1;3;4;3;2;1;4;1;1;4;4;1;1;4;4;1;4;1;1;3;2;2;1;3;2;3;4;4;1;4;4;1;3;35;44;59;15;52;9;12;8;6;4;16;13;11;16;13;16;14;4;4;4;4;11;16;15;10;157;44;30;24;6;5;4;16
299;1.13.25 18:41:00;1.13.25 19:07:19;2;3;1640;1640;1458;2;1;2;4;3;4;3;1;4;1;2;1;2;1;3;1;1;3;2;3;2;2;3;4;2;1;2;2;4;3;3;2;1;1;2;3;2;3;3;3;1;3;2;3;1;2;3;2;3;2;2;4;3;3;4;1;1;3;3;3;1;3;1;3;4;4;1;1;4;3;4;3;2;3;3;2;1;4;3;4;1;1;1;2;2;2;1;1;1;2;26;35;37;41;32;6;5;8;7;8;6;8;13;14;5;8;10;10;9;12;12;9;8;10;5;108;36;21;18;18;15;8;37
301;1.13.25 19:54:24;1.13.25 20:28:16;1;3;1909;1950;1800;2;1;2;3;4;3;2;1;2;3;4;3;2;1;2;3;4;3;2;1;1;2;3;3;3;3;4;3;4;2;3;3;3;2;2;3;1;2;3;4;1;2;3;3;3;3;2;2;2;2;3;3;2;1;1;2;3;4;4;3;1;3;2;3;3;2;2;3;3;3;3;2;2;1;2;3;4;4;4;3;2;3;1;3;3;2;3;2;2;1;39;41;36;38;42;5;11;12;11;10;9;9;13;12;9;5;10;13;10;7;10;8;11;11;12;97;28;15;13;13;12;12;40
302;1.13.25 19:47:29;1.13.25 20:52:32;1;2;1200;NA;1600;2;2;3;3;3;3;1;3;3;2;2;1;2;3;1;2;4;2;2;3;1;3;3;3;2;3;2;2;2;3;3;3;2;3;3;1;1;3;2;2;1;1;2;3;2;2;3;2;2;2;3;2;2;3;3;3;3;3;3;3;1;3;3;2;3;1;2;3;2;3;4;2;4;3;2;2;4;4;3;2;2;2;3;2;3;2;4;3;1;2;33;43;43;36;36;5;11;9;8;11;10;10;12;11;11;12;9;10;10;9;9;9;7;8;12;118;35;26;19;16;14;8;27
303;1.13.25 21:01:49;1.13.25 21:37:51;1;2;1864;1864;2095;3;2;2;4;3;3;4;2;4;3;2;1;2;3;3;1;2;3;3;1;1;2;2;3;1;1;4;3;2;2;3;2;2;4;3;1;2;3;2;3;1;1;1;4;2;2;2;2;2;2;2;1;1;4;2;1;2;3;3;3;1;3;2;4;2;4;3;2;1;2;2;2;2;3;1;2;2;3;2;2;2;1;3;3;3;2;1;4;3;3;27;35;51;32;36;6;6;10;5;7;9;7;12;15;11;14;11;8;9;9;8;8;14;6;8;117;39;25;19;11;16;13;22
305;1.14.25 3:54:43;1.14.25 5:09:05;1;3;1850;1850;1550;4;4;3;3;2;3;3;2;2;2;3;2;2;3;2;1;2;3;3;2;1;2;3;3;2;1;4;2;2;2;2;3;2;4;3;1;3;3;3;2;2;2;3;2;2;1;2;2;3;2;2;3;2;4;3;1;3;3;3;3;2;4;2;3;3;3;3;2;3;3;3;3;2;3;4;2;3;3;2;2;2;3;3;3;2;2;2;2;2;3;29;39;47;36;47;9;6;9;5;11;8;8;12;11;10;14;12;9;9;12;8;12;13;11;11;112;34;19;18;14;12;11;51
306;1.14.25 8:57:37;1.14.25 9:11:26;3;3;1715;1674;1590;2;4;2;2;3;2;4;2;3;3;3;1;2;2;4;4;4;2;3;3;2;4;3;2;3;4;4;2;4;4;2;3;1;3;2;3;2;2;2;4;2;4;2;3;1;3;1;2;3;1;2;4;1;4;4;1;4;2;4;2;2;1;1;3;3;1;2;2;4;4;1;3;4;4;3;3;4;2;2;4;3;2;1;4;2;3;4;1;4;3;44;32;41;46;52;8;14;11;11;8;8;8;8;10;6;13;12;10;12;13;14;13;14;11;14;117;43;27;21;10;20;18;48
307;1.13.25 20:42:21;1.14.25 11:11:15;2;3;2050;2000;2319;3;2;1;3;2;3;2;4;2;3;2;2;3;2;2;2;3;4;3;1;2;2;2;3;4;2;4;4;3;2;3;3;3;3;3;2;3;3;1;3;2;2;1;2;2;3;3;2;3;1;3;2;2;1;2;3;3;2;3;3;2;3;2;3;2;2;3;1;3;2;3;2;1;3;3;2;3;3;3;2;2;3;2;2;2;2;3;2;2;2;38;38;38;34;41;9;10;10;9;6;11;9;12;11;9;9;9;10;8;10;8;9;11;9;12;124;35;24;20;13;8;10;38
308;1.14.25 13:46:33;1.14.25 14:47:26;2;3;1564;1564;1856;2;2;1;2;3;3;4;2;4;4;1;1;1;1;1;1;4;3;1;1;1;1;3;3;2;1;4;2;4;4;2;1;1;2;4;1;3;2;1;4;1;2;2;1;4;2;1;1;4;4;1;4;1;3;2;2;4;1;4;2;1;1;3;3;4;4;4;1;4;3;3;3;2;1;4;2;4;3;4;4;2;1;1;4;1;3;1;1;2;1;23;29;27;48;46;5;6;6;6;9;6;5;9;9;4;7;7;13;15;11;12;6;16;9;15;123;36;22;20;12;6;11;40
312;1.14.25 20:28:36;1.14.25 21:08:24;1;3;1700;NA;1500;1;3;1;4;1;2;4;2;1;3;3;2;1;4;4;2;2;3;4;1;2;4;3;4;1;3;4;4;1;1;3;1;1;4;3;2;1;4;3;1;2;4;1;1;1;3;2;2;1;1;3;3;1;4;3;1;1;3;4;4;2;2;1;3;1;1;1;2;1;4;3;1;2;3;2;1;4;4;1;1;3;4;4;3;4;1;4;4;2;4;37;35;58;28;40;7;13;11;6;6;10;5;14;12;16;15;15;4;9;12;4;13;12;7;8;118;29;22;15;8;7;7;19
313;1.14.25 23:29:34;1.15.25 0:42:28;1;3;1500;1500;1623;2;4;1;3;2;3;3;3;1;2;2;3;2;3;1;1;2;3;3;1;1;2;2;3;2;3;3;3;3;3;3;3;2;3;2;1;3;4;2;1;1;3;1;3;2;3;2;3;3;1;2;3;3;3;1;1;3;2;4;4;1;4;2;3;3;2;3;2;3;2;4;3;2;3;2;3;3;3;2;1;2;4;2;3;2;1;3;2;1;3;30;38;46;26;48;5;11;8;6;6;11;9;12;12;10;12;12;9;8;6;4;13;12;12;11;125;38;24;20;10;14;7;26
314;1.15.25 0:16:16;1.15.25 0:56:52;2;3;1966;1936;2203;2;2;2;3;1;2;3;3;2;2;1;2;1;3;1;1;1;3;3;1;2;2;2;3;1;2;3;3;2;2;2;3;1;3;1;1;2;3;3;1;2;2;2;3;2;2;2;3;2;1;2;3;2;3;2;1;3;3;3;4;2;3;2;3;2;2;3;3;1;2;4;3;2;3;1;2;3;3;2;2;3;3;3;3;3;1;3;4;1;3;29;38;49;22;41;8;10;6;5;8;12;6;12;12;13;12;12;6;7;5;5;9;12;11;9;131;32;30;21;10;12;6;23
315;1.15.25 7:55:00;1.15.25 8:52:35;2;3;1487;1360;1612;4;3;1;4;1;2;2;1;1;1;1;1;2;2;1;1;1;4;2;3;2;2;1;4;2;1;1;1;1;1;1;3;2;1;1;1;2;2;2;2;1;4;2;1;1;1;1;2;3;2;1;2;2;1;3;2;1;2;3;3;2;1;1;3;3;2;2;3;2;4;2;2;2;3;1;2;3;2;1;2;3;4;4;4;2;2;3;3;3;4;29;30;43;28;34;9;8;6;6;5;7;8;10;12;13;7;11;7;8;6;9;10;9;8;7;99;25;17;12;8;12;9;36
317;1.15.25 14:10:48;1.15.25 15:26:27;1;3;NA;NA;1630;2;3;2;2;2;3;4;3;2;3;1;3;2;3;3;2;3;2;3;2;2;3;3;3;3;3;4;2;3;2;2;2;2;2;3;1;3;2;2;3;1;3;2;4;2;2;2;2;3;2;2;3;2;3;2;1;4;2;4;3;2;4;2;3;2;2;3;2;3;3;3;2;3;2;3;2;4;2;3;2;2;3;2;3;2;2;3;2;2;2;30;35;42;37;51;7;10;7;6;9;9;9;8;12;9;10;11;9;10;11;9;13;14;10;14;113;29;21;18;14;7;12;42
319;1.15.25 19:26:19;1.15.25 20:26:27;1;3;NA;NA;1300;1;1;3;3;4;3;4;3;3;3;1;2;3;3;1;1;4;3;2;3;1;1;3;3;4;1;4;4;3;4;1;1;3;3;3;1;3;4;2;4;1;1;2;3;4;2;1;3;3;2;1;2;2;4;1;1;4;3;2;1;1;1;4;2;4;1;4;3;3;3;3;2;4;3;4;4;4;4;3;4;2;2;2;4;2;4;4;2;2;2;25;51;40;48;42;4;9;5;7;12;13;12;14;11;8;13;8;16;12;9;15;4;16;7;15;109;44;22;14;16;15;16;60
320;1.15.25 21:18:19;1.15.25 21:46:05;1;3;NA;NA;1501;1;3;1;3;2;3;3;3;2;2;3;3;2;1;3;3;3;3;1;3;1;2;3;3;3;3;3;2;3;2;2;2;1;2;2;3;3;3;1;2;1;1;2;3;3;2;3;2;3;2;2;3;2;2;2;1;4;2;3;3;2;2;2;3;4;2;3;2;3;3;3;3;3;2;3;3;4;3;1;3;2;3;2;2;2;2;3;2;2;4;34;36;37;39;44;5;10;9;10;8;9;8;11;12;9;7;9;12;9;10;10;8;11;11;14;103;34;19;17;15;11;15;35
321;1.15.25 23:31:54;1.16.25 0:08:44;1;3;NA;NA;1389;3;3;2;3;2;3;2;2;3;3;2;3;2;2;1;2;4;2;2;2;2;2;2;3;3;2;4;3;2;1;2;3;2;3;1;1;2;2;2;2;2;1;1;3;2;2;1;1;2;1;2;3;1;3;3;2;3;2;3;3;2;3;3;3;2;1;2;2;2;3;3;3;3;3;1;2;3;3;3;1;2;2;3;4;3;2;4;3;2;2;34;33;43;28;45;9;10;8;7;8;8;8;9;12;11;11;9;9;8;6;7;9;12;12;12;123;40;23;19;11;12;10;19
322;1.16.25 2:41:42;1.16.25 3:29:46;1;3;NA;NA;1051;1;2;3;4;3;3;4;3;2;1;2;1;2;3;1;2;4;3;2;1;1;1;4;4;2;1;4;3;2;1;3;2;1;2;3;2;2;4;3;2;1;1;3;3;4;2;1;2;4;1;2;4;1;4;3;1;3;3;4;4;1;2;4;4;3;3;2;2;1;4;3;2;3;3;3;3;4;3;2;2;2;3;3;4;1;1;2;4;2;3;28;44;50;34;42;4;7;9;8;14;10;7;13;15;11;12;12;12;7;10;6;6;14;9;13;107;39;15;18;15;13;11;37
325;1.18.25 13:06:45;1.18.25 14:00:48;1;3;NA;NA;1850;3;1;2;2;3;3;2;2;3;3;3;1;2;2;2;1;3;3;2;3;2;2;1;2;2;2;3;3;3;3;2;1;1;2;2;2;1;3;1;3;2;3;1;2;3;1;3;2;3;3;2;3;1;2;3;2;2;2;2;2;2;2;1;2;3;2;2;2;3;3;4;2;2;2;2;2;2;3;3;3;2;2;2;2;2;3;3;2;1;2;32;31;31;41;32;9;8;8;7;5;9;6;11;8;8;8;7;11;12;9;12;8;9;7;8;117;38;17;19;14;10;11;37
326;1.18.25 17:59:41;1.18.25 19:03:50;2;2;NA;NA;1301;1;1;3;3;3;3;2;3;2;2;2;1;3;2;1;3;4;3;2;3;1;1;2;3;2;3;2;3;3;3;2;1;1;3;3;2;2;3;3;3;1;1;1;2;3;2;4;2;2;2;3;1;1;3;3;1;3;1;2;2;2;2;2;2;4;3;2;2;3;3;3;2;3;2;2;4;4;3;3;3;2;3;2;1;3;3;2;2;2;2;33;36;39;40;30;5;9;9;10;8;10;8;10;10;10;10;9;12;10;9;12;5;7;5;13;120;35;25;19;14;11;12;35
327;1.18.25 23:37:24;1.19.25 0:58:17;0;3;1800;1600;1400;4;2;2;2;2;3;4;2;1;2;2;2;2;3;2;3;3;4;4;2;2;3;2;3;2;1;3;3;1;2;3;3;1;4;3;1;3;4;1;2;2;3;2;3;2;3;2;3;1;1;2;2;2;4;2;2;2;2;3;3;4;4;3;4;2;1;2;4;2;3;4;1;2;3;2;2;4;4;3;2;2;4;4;3;4;2;4;3;1;2;38;42;51;31;44;12;10;8;8;9;12;7;14;12;15;14;10;8;8;9;8;12;12;8;12;130;39;25;20;15;9;8;24
328;1.19.25 21:00:55;1.19.25 21:58:57;1;1;NA;NA;1500;1;3;1;2;3;1;3;2;3;3;2;2;3;1;1;2;4;3;1;3;1;3;4;4;3;3;4;2;4;2;2;2;1;2;1;1;2;4;1;3;1;1;2;2;4;3;2;1;4;2;4;1;1;2;4;3;3;3;1;3;3;3;3;3;4;1;3;2;4;4;4;3;3;3;4;2;4;4;4;1;4;2;1;3;1;2;4;1;1;1;37;39;28;42;44;6;14;9;8;10;7;8;14;11;5;8;4;14;11;10;9;10;13;8;13;94;31;21;12;21;16;15;47
329;1.23.25 23:32:15;1.23.25 23:59:20;2;3;1766;1766;2100;4;3;3;3;3;3;3;1;2;3;2;2;3;2;2;2;3;4;3;3;3;4;3;3;3;4;3;2;2;3;2;2;2;3;3;2;2;4;3;3;3;2;2;2;3;3;2;4;3;3;3;2;3;4;3;2;3;3;3;2;3;4;2;3;3;1;3;2;3;4;3;2;3;3;3;3;3;4;2;4;2;3;3;3;2;3;4;2;2;3;44;45;45;46;44;13;13;9;9;10;9;11;15;11;10;12;12;12;13;11;13;13;12;8;11;115;37;23;21;17;13;16;36
330;1.27.25 4:18:37;1.27.25 4:26:55;2;1;1338;1307;1498;1;3;1;4;1;3;3;2;1;1;2;1;1;1;1;1;1;3;4;1;1;1;3;4;2;1;4;1;3;2;2;1;1;3;1;1;4;4;3;1;1;1;1;1;1;1;1;1;1;1;1;1;1;1;1;1;1;1;1;1;1;4;4;4;1;4;4;4;1;1;4;4;1;4;1;1;4;4;1;1;2;4;2;4;4;4;1;4;1;4;19;33;48;17;41;4;5;6;4;9;8;4;12;13;14;9;12;5;5;4;7;9;15;7;10;140;39;30;19;9;9;4;16
332;1.31.25 8:18:28;1.31.25 13:03:21;1;3;NA;NA;1031;3;2;2;3;1;3;2;3;4;1;1;2;3;3;1;1;2;3;1;2;2;1;1;3;1;3;1;3;4;3;2;3;1;3;3;1;2;4;2;1;1;3;1;3;2;2;3;2;1;1;1;4;2;3;1;3;3;1;3;3;2;3;1;2;3;1;3;2;1;3;4;3;3;3;2;3;3;3;3;1;2;1;1;2;4;2;4;4;1;2;32;35;41;26;39;8;11;5;8;5;10;9;11;11;10;12;8;7;8;7;6;9;8;12;10;114;41;29;10;23;17;6;31
334;2002.04.25 17:05;2002.04.25 18:19;1;2;1595;1595;2000;4;1;1;3;2;1;4;3;3;3;4;4;1;1;3;4;4;2;1;3;3;2;1;3;2;1;4;2;3;4;4;4;1;3;3;4;2;2;1;3;4;2;1;3;4;4;1;2;4;2;3;3;2;3;4;2;3;1;3;3;4;4;1;3;4;4;3;1;4;4;1;4;3;3;4;4;4;1;3;2;4;2;2;4;1;2;1;1;4;2;54;25;35;47;52;15;10;15;14;4;8;7;6;12;6;10;7;12;13;14;10;9;15;15;13;93;36;17;12;19;17;16;61
335;2002.05.25 14:22;2002.05.25 14:46;1;3;NA;NA;1550;1;2;1;3;3;3;3;1;3;4;2;1;2;1;3;2;4;2;1;2;1;2;2;3;3;2;3;2;2;3;2;2;1;1;4;2;2;3;1;3;1;1;2;3;3;2;2;2;3;3;2;3;2;2;2;1;2;2;2;1;1;2;2;2;4;2;2;2;3;4;3;2;3;2;1;3;2;2;4;4;2;2;3;3;2;4;3;2;2;1;29;31;31;46;36;4;9;8;8;7;7;8;9;11;9;6;5;13;14;10;13;7;11;8;10;100;33;18;13;11;14;13;41
